"","pf_rol_vdem","pf_ss_homicide","pf_ss_disappearances_disap","pf_ss_disappearances_violent","pf_ss_disappearances_organized","pf_ss_disappearances_fatalities","pf_ss_disappearances_injuries","pf_ss_disappearances_torture","pf_ss_killings","pf_ss_disappearances","pf_movement_vdem_foreign","pf_movement_vdem_men","pf_movement_vdem_women","pf_movement_vdem","pf_movement_cld","pf_religion_freedom_vdem","pf_religion_freedom_cld","pf_religion_freedom","pf_religion_suppression","pf_assembly_entry","pf_assembly_freedom_house","pf_assembly_freedom_bti","pf_assembly_freedom_cld","pf_assembly_freedom","pf_assembly_parties_barriers","pf_assembly_parties_bans","pf_assembly_parties_auton","pf_assembly_parties","pf_assembly_civil","pf_expression_direct_killed","pf_expression_direct_jailed","pf_expression_direct","pf_expression_vdem_cultural","pf_expression_vdem_harass","pf_expression_vdem_gov","pf_expression_vdem_internet","pf_expression_vdem_selfcens","pf_expression_vdem","pf_expression_house","pf_expression_bti","pf_expression_cld","pf_identity_same_m","pf_identity_same_f","pf_identity_same","pf_identity_divorce","pf_identity_inheritance","pf_identity_fgm","ef_government_consumption","ef_government_transfers","ef_government_investment","ef_government_tax_income","ef_government_tax_payroll","ef_government_tax","ef_government_soa","ef_legal_judicial","ef_legal_courts","ef_legal_protection","ef_legal_military","ef_legal_integrity","ef_legal_enforcement","ef_legal_regulatory","ef_legal_police","ef_money_growth","ef_money_sd","ef_money_inflation","ef_money_currency","ef_trade_tariffs_revenue","ef_trade_tariffs_mean","ef_trade_tariffs_sd","ef_trade_tariffs","ef_trade_regulatory_nontariff","ef_trade_regulatory_costs","ef_trade_regulatory","ef_trade_black","ef_trade_movement_open","ef_trade_movement_capital","ef_trade_movement_visit","ef_trade_movement_assets","ef_trade_movement","ef_regulation_credit_ownership","ef_regulation_credit_private","ef_regulation_credit_interest","ef_regulation_credit","ef_regulation_labor_minwage","ef_regulation_labor_firing","ef_regulation_labor_bargain","ef_regulation_labor_hours","ef_regulation_labor_dismissal","ef_regulation_labor_conscription","ef_regulation_labor_foreign","ef_regulation_labor","ef_regulation_business_burden","ef_regulation_business_costs","ef_regulation_business_impartial","ef_regulation_business_compliance","ef_regulation_business","ef_regulation_enter_openness","ef_regulation_enter_permits","ef_regulation_enter_distortion","ef_regulation_enter"
"Albania",7.16,9.33,10,10,7.5,10,10,6.85,9.75,9.16,9.76,9.86,9.88,9.83,3.33,9.34,10,9.67,9.85,8.35,7.5,10,10,9.17,9.54,9.46,7.72,8.91,8.46,10,10,10,6.69,4.61,3.28,7.69,6.1,5.67,5,6.67,3.33,10,10,10,7.5,7.5,10,7.76,7.13,7.55,9,7,8,8.23,4.48,4.22,4.42,8.33,5.35,3.42,6.72,5.3,9.78,9,9.59,10,9.65,9.28,8.1,9.01,8.4,9.41,8.9,10,2.93,4.62,8.74,6.9,5.8,10,7.7,10,9.23,6.53,5.65,5.58,8,6.3,10,7.76,7.12,5.65,6.22,5.79,3.59,5.31,6.81,5.62,6.25,6.23
"Algeria",5.12,9.54,10,10,5,9.73,9.88,4.96,6.1,7.95,6.23,8.6,7.61,7.48,3.33,4.09,6.67,5.38,4.37,2.06,2.5,4.44,3.33,3.43,6.3,7.72,5.85,6.62,2.68,10,4.31,7.16,4.99,4.29,0.91,4.11,5.48,3.96,2.5,3.33,3.33,0,0,0,0,0,10,3.47,7.82,4,7,2,4.5,2.47,4.04,3.03,5.06,3.33,4.72,3.12,6.63,5.9,8.01,6.75,8.55,5,8.48,6.2,5.9,6.86,2.62,0.48,1.55,5.62,1.53,0.77,0,4.33,1.66,0,8.01,7,5,4.03,5.63,6.52,6,7.76,3,3.23,5.17,4.22,3.33,2.63,4.76,3.74,4.41,8.77,3.13,5.44
"Angola",5.24,8.59,10,10,7.5,9.42,10,4.3,7.23,8.35,7.64,9.4,7.94,8.32,3.33,6.6,6.67,6.63,6.86,4.9,2.5,3.33,6.67,4.17,7.37,8.94,7.49,7.93,6.73,10,10,10,4.63,4.8,6.67,8.63,6.83,6.31,2.5,5.56,3.33,0,10,5,5,5,10,7.18,9.7,8.9,9,7,8,4.75,3.65,2.82,3.33,4.17,4.27,1.15,5.52,2.09,7.03,6.29,4.85,5,9.39,7.82,3.81,7.01,3.6,2.51,3.06,10,2.5,2.31,0,3.18,2,5,8.94,4,5.98,6.25,4.57,6.97,4,6.63,0,3.56,4.57,2.94,4.67,4.9,4.64,4.29,3.1,7.92,1.25,4.09
"Argentina",6.56,8.66,5,10,7.5,10,9.98,7.63,9.35,8.49,8.93,9.22,8.16,8.77,6.67,9.77,10,9.89,9.1,9.2,10,8.89,6.67,8.52,9.9,9.9,9.24,9.68,8.99,10,10,10,9.04,7.22,8.06,9.88,8.02,8.44,7.5,8.89,6.67,10,10,10,10,10,10,5.69,5.54,8.7,7,1,4,7.1,4.81,4.27,4.79,7.5,4.77,3.38,6.86,5.96,5.08,5.5,0.58,5,4.42,7.32,5.82,5.85,4.42,5.65,5.04,0.96,2.67,0,0,3.03,1.42,5,6.8,5,5.6,3.88,3.94,3.19,10,2.52,10,7.09,5.8,2.71,5.11,7.12,4.5,4.86,6.14,5.73,2.92,4.93
"Armenia",7.01,9.36,10,10,7.5,10,10,7.41,9.36,9.18,9.59,9.88,9.73,9.73,6.67,8.33,6.67,7.5,9.66,9.62,7.5,8.89,6.67,7.69,9.76,9.89,7.88,9.18,8.98,10,10,10,7.8,5.99,5.31,9.88,6.97,7.19,5,7.78,6.67,10,10,10,7.5,7.5,10,6.47,7.32,8.98,9,7,8,8.04,4.9,4.71,5.56,5,6.25,4.06,9.82,7.08,8.78,9.13,8.56,10,8.98,8.74,8.14,8.62,4.09,9.32,6.71,10,7.93,6.15,10,5.05,7.29,10,7.21,10,9.07,5.83,7.13,7.25,10,9.25,0,6.02,6.5,5.17,4.67,6.37,6.02,5.56,5.59,9.3,5,6.63
"Australia",7.94,9.78,10,10,10,9.87,9.96,8.62,9.78,9.75,8.45,9.53,9.46,9.14,3.33,9.71,10,9.85,9.87,9.45,10,2.22,10,10,9.63,9.81,9.68,9.71,8.97,10,10,10,8.89,7.14,8.67,9.54,8.75,8.6,7.5,2.22,10,10,10,10,10,10,10,2.77,5.16,9.31,5,4,4.5,7.87,8.46,8.15,9.22,10,9.08,7.84,8.14,7.96,9.05,9.65,9.43,10,8.61,9.52,9.04,9.06,7.75,8.43,8.09,10,10,4.62,0,5.85,5.12,10,7.45,10,9.15,6.95,8.97,6.08,10,7.93,10,2.1,7.43,3.98,7.11,9.69,8.16,7.24,9.36,8.95,7.73,8.68
"Austria",7.62,9.79,10,10,10,8.88,7.69,9.48,9.7,9.39,9.6,9.12,9.43,9.38,3.33,8.03,10,9.02,8.69,6.16,10,2.22,10,10,9.87,8.71,9.76,9.44,9.44,10,10,10,9.27,7.75,8.12,9.89,6.55,8.32,7.5,2.22,10,10,10,10,10,10,10,2.85,1.98,10,4,3,3.5,6.42,7.76,7.71,9.31,10,9.03,7.16,8.1,9.3,7.2,9.85,9.45,10,8.6,8.98,6.61,8.06,7.08,9.98,8.53,10,10,3.08,8.85,8.45,7.59,8,7.89,10,8.63,8.2,8.75,2.49,6,10,3,4.75,6.17,4.47,7.33,8.74,6.77,6.83,7.94,7.3,7.22,7.48
"Azerbaijan",4.55,9.44,10,7.83,7.5,10,10,1.76,7.69,7.83,5.65,8.92,8.05,7.54,3.33,4.81,3.33,4.07,4.02,2.35,0,2.22,3.33,1.85,5.22,9.2,4.94,6.45,4.63,4.14,0,2.07,2.98,3.12,0.52,7.11,3.84,3.51,0,1.11,3.33,10,10,10,7.5,10,10,5.77,7.71,0,9,4,6.5,3.04,4.05,2.97,4.65,5,4.21,6.13,7.61,7.55,8.76,5.26,8.67,5,8.73,8.3,5.72,7.58,5.82,8.2,7.01,10,4.82,4.62,2.77,4.36,4.14,5,10,9,8,6.67,6.75,8.18,6,8.5,1,7.5,6.37,7.21,6.67,2.28,6.26,5.6,4.53,9.02,3.75,5.77
"Bahamas, The",5.01,1.52,10,10,10,10,10,3.7975,5.8925,10,7.1925,8.71,7.625,7.78,10,7.4025,10,10,6.99,4.6525,10,2.22,10,10,7.475,8.5825,6.84,7.7975,5.3075,10,10,10,4.635,4.0025,3.465,7.08,4.6475,4.7675,7.5,2.22,10,10,10,10,10,10,10,6.11,7.97,10,10,10,10,5.665,7.15,6.35,5,10,6.67,3.55,3.82,2.5,9.63,7.54,9.42,0,7.42,3.5,1.55,4.16,0,8.11,4.05,10,2.5,0.77,0,5,2.07,10,0,10,6.67,8.2,5.77,5.87,8,6.55,10,5,7.25,3.2775,5.78,3.68,6.63,6.2,8,7.98,6.25,7.41
"Bahrain",4.09,9.98,10,10,5,10,10,2.21,4.8,7.43,4.27,7.15,7.18,6.2,3.33,3.38,3.33,3.36,1.85,1.2,0,0,0,0,3.51,5.66,2.81,3.99,1.84,10,0,5,0.5,2.14,0.26,7.12,1.41,2.28,0,0,0,10,10,10,0,0,10,3.39,9.43,10,10,10,10,2.56,5.37,4.55,7.67,5,5.16,4.89,9.4,8.23,9.95,7.73,9.88,10,9.68,9.04,6.31,8.34,7.16,6.67,6.91,10,8.75,6.15,7.63,7.48,7.5,10,2.83,10,7.61,6.67,6.01,8.06,8,7.03,10,6.01,7.4,6.06,8,2.37,9.87,6.58,8.05,9.76,5.96,7.92
"Bangladesh",4.48,9.3,0,10,5,9.97,9.83,3.85,2.19,5.83,4.98,9.52,8.84,7.78,3.33,8.78,3.33,6.06,8.64,7.18,5,2.22,3.33,3.52,8.39,7.86,5.3,7.18,5.63,9.46,8.35,8.91,3.39,1.77,5.15,3.89,2.63,3.37,2.5,2.22,3.33,0,10,5,0,0,10,9.45,9.23,7.55,9,9,9,6.37,3.22,3.17,3.85,4.17,3.61,0.47,2.67,3.34,9.19,9.61,8.89,0,7.5,7.2,6.25,6.98,5.32,0,2.66,10,3.32,0,0,5.25,2.14,5,9.09,10,8.03,8.75,4.43,6.28,10,1.37,10,3.79,6.37,3.88,2.89,1.47,3.81,3.01,5.55,6.45,3.75,5.25
"Barbados",7.4,6.69,10,10,5,10,10,8.36,9.55,9.65,9.81,9.89,9.76,9.82,6.67,9.75,10,9.88,9.91,8.48,10,2.22,10,10,9.59,9.79,9.59,9.66,9.15,0,10,5,8.78,8.32,8.39,9.91,6.52,8.38,10,2.22,10,0,0,0,10,10,10,7.69,6.65,10,8,3,5.5,6.71,7.31,5.92,6.68,4.17,7.72,2.09,7.58,5.7,9.53,9.59,9.4,5,8.01,7.66,1.9,5.86,5.78,6.16,5.97,10,4.23,0,0,7.17,2.85,8,10,10,9.33,6.95,4.78,6.37,8,5.68,10,4.27,6.58,3.26,6.89,7.26,6.15,5.89,5.48,5,8.75,6.41
"Belarus",3.34,9.31,10,10,2.5,10,10,0.63,2.62,6.54,1.66,8.77,8.62,6.35,3.33,5.66,3.33,4.5,3.89,0.33,0,2.22,0,0.74,3.53,9.35,7.03,6.64,0.5,10,0,5,0.18,1.86,0.21,4.13,2.35,1.74,0,1.11,0,10,10,10,10,10,10,4.6,5.72,10,10,5,7.5,3.42,3.52,3.31,0,5,3.61,3.49,9.91,7.5,8.39,9.19,8.11,10,8.45,8.66,6.73,7.95,2.5,9.7,6.1,10,1.53,1.54,0,0,0.77,2,8.97,9,6.66,7.5,6.38,5.87,10,7.76,1,4.42,6.17,3.2775,4.22,2.5,5.78,4.17,5.56,8.34,1.25,5.05
"Belgium",8.49,9.69,10,10,10,10,10,9.44,9.79,9.89,8.36,9.91,9.88,9.38,6.67,9.39,6.67,8.03,9.85,7.64,10,2.22,10,10,9.81,9.44,9.73,9.66,9.77,10,10,10,8.63,7.55,9.86,9.89,9.68,9.12,10,2.22,6.67,10,10,10,10,10,10,2.08,1.49,10,2,0,1,7.97,7.72,7.29,8.93,10,8.26,6.86,4.9,7.55,7.13,9.74,9.51,10,8.6,8.98,6.61,8.06,7.82,9.98,8.9,10,10,3.85,0,8.93,5.69,8,7.91,10,8.64,6.95,7.5,5.85,6,10,10,6.81,7.59,3.5,7.78,9.51,6.74,6.88,8.07,7.46,7.5,7.68
"Belize",5.01,0.92,10,10,5,10,10,3.7975,5.8925,10,7.1925,8.71,7.625,7.78,3.33,7.4025,10,10,6.99,4.6525,10,2.22,10,10,7.475,8.5825,6.84,7.7975,5.3075,10,10,10,4.635,4.0025,3.465,7.08,4.6475,4.7675,10,2.22,6.67,10,10,10,10,10,10,5.46,8.43,1.89,9,3,9,5.665,4.49,3.97,4.87,4.17,4.6725,1.66,7.29,2.5,9.27,8.77,9.35,0,7.47,7.62,4.1,6.4,4.45,6.09,5.27,10,3.32,0,0,5,2.08,10,4.61,10,8.2,6.38,5.77,5.87,8,6.55,10,4.42,6.85,3.72,4.67,3.68,7.93,5.44,5.15,8.6,5,6.25
"Benin",6.91,9.68,10,10,5,9.87,9.93,6.72,8.92,8.63,9.37,9.89,9.85,9.7,3.33,9.79,10,9.9,9.31,8,5,5.56,6.67,5.74,6.51,8.58,5.55,6.88,7.29,10,6.24,8.12,7.61,5.01,6.07,9.86,5.72,6.85,5,6.67,3.33,10,10,10,7.5,5,9.08,7.94,9.77,10,5,2,3.5,8.73,5.53,3.77,4.08,4.17,6.07,1.02,6.61,5.84,9.58,9.35,9.65,0,5.84,7.58,7.05,6.82,3.82,5.16,4.49,10,1.53,0.77,0,3.86,1.54,10,9.75,10,9.92,6.38,6.28,7.6,8,7.57,1,5.66,6.07,4.54,4.22,7.77,4.74,5.32,4.29,9.48,3.75,5.84
"Bhutan",6.41,9.28,10,10,7.5,10,10,6.7,7.8,8.86,6.2,8.49,8.4,7.7,3.33,4.7,6.67,5.68,8.37,5.71,5,5.56,6.67,5.74,7.84,8.13,8.3,8.09,7.26,10,10,10,5.39,5.64,7.37,6.65,3.86,5.78,5,6.67,6.67,0,0,0,2.5,10,10,4.27,9.46,2.73,7,8,7.5,5.3,6.4,5.91,5.77,4.17,7.7,6.18,6.9,8.98,8.09,9,8.53,0,9.2,8.06,6.66,7.97,5.18,9.5,7.34,10,3.61,0,0,4.47,2.02,5,9.39,9,7.8,7.5,7.5,5.87,10,10,10,5,8.33,2.54,4.44,7.53,7.21,5.43,6.77,8.47,6.25,7.16
"Bolivia",6.33,8.99,10,10,7.5,10,10,6.99,8.67,9.02,8.7,9.85,9.71,9.42,3.33,9.68,6.67,8.17,9.07,6.43,7.5,7.78,6.67,7.31,8.68,9.81,9.23,9.24,7.15,10,10,10,9.21,5.89,4.73,9.24,6.73,7.16,5,7.78,6.67,10,10,10,10,7.5,10,5.19,8.84,0,10,10,10,5.68,3.42,2.63,2.99,4.17,4.28,3.5,6.75,3.86,9.68,8.67,9.85,10,9.24,7.64,6.22,7.7,4.98,3.05,4.01,10,3.48,4.62,0,3.27,2.84,8,4.92,10,7.64,1.8,1.25,5.01,8,4.82,3,4.73,3.96,1.85,2.89,6.09,0,2.71,3.96,7.08,3.75,4.93
"Bosnia and Herzegovina",6.19,9.72,10,10,5,10,10,7.85,8.81,8.81,9.7,8.71,8.19,8.87,6.67,8.35,6.67,7.51,9.5,9.26,7.5,6.67,6.67,6.94,9.44,9.84,7.97,9.08,8.89,10,10,10,6.01,4.74,5.68,9.88,4.22,6.11,5,5.56,3.33,10,10,10,10,7.5,10,5.31,5.39,9.66,10,3,6.5,6.94,4.13,3.16,4.38,4.17,5.16,3.15,7.66,6,8.91,9.31,9.6,5,10,8.72,5.75,8.16,4.34,9.59,6.97,10,3.32,3.08,0,6.08,3.12,10,10,9,9.67,5.28,6.25,7.08,10,7.51,10,4.37,7.21,1.84,4.89,2.89,3.95,3.39,6.19,7.95,6.25,6.8
"Botswana",7.26,6.93,10,10,10,10,10,8.51,8.96,9.64,9.66,9.53,9.5,9.56,3.33,9.35,6.67,8.01,9.12,8.47,10,7.78,10,9.26,9.75,9.91,9.14,9.6,9.3,10,10,10,8.47,5.44,8.34,9.88,6.64,7.75,5,6.67,6.67,10,10,10,5,7.5,10,0,8.28,7.82,9,9,9,6.83,6.83,5.78,5.76,8.33,6.62,3.74,7.81,5.36,9.39,9.19,8.55,10,4.89,8.46,5.63,6.32,2.85,9.4,6.12,10,6.62,5.38,0,3.2,3.8,8,9.95,10,9.32,5,1.89,5.76,10,3.78,10,1.94,5.48,4.15,5.78,7.39,4.33,5.41,2.74,9.26,0,4
"Brazil",5.63,3.49,10,10,7.5,9.98,10,4.23,3.84,7.93,8.94,9.53,9.33,9.26,3.33,7.64,6.67,7.15,9.68,8.03,7.5,7.78,10,8.43,9.3,9.97,9.72,9.66,8.21,9.57,9.77,9.67,4.41,4.88,4.1,8.83,5.7,5.58,7.5,5.56,6.67,10,10,10,10,10,10,4.75,5.47,10,8,2,5,7.53,5.17,4.8,6.19,5.83,5.02,3.05,8.24,3.18,8.47,8.68,8.34,10,8.79,7.34,6.12,7.42,4.52,7.87,6.19,10,4.57,2.31,0,6.35,3.31,5,8.67,7,6.89,3.62,6.06,5.48,6,7.13,3,4.7,5.14,1.14,6.22,5.63,1.25,3.56,7.36,5.4,7.5,6.75
"Brunei Darussalam",5.01,9.86,10,10,10,10,10,3.7975,5.8925,10,7.1925,8.71,7.625,7.78,3.33,7.4025,3.33,3.33,6.99,4.6525,2.5,2.22,0,1.25,7.475,8.5825,6.84,7.7975,5.3075,10,10,10,4.635,4.0025,3.465,7.08,4.6475,4.7675,2.5,2.22,0,0,10,5,0,0,10,0,5.72,10,10,10,10,5.665,5.63,4.56,5.27,8.33,6.67,4.59,4.8,8.24,9.79,5.85,9.65,10,7.905,9.94,8.94,9.44,6.3,2.34,4.32,10,9.45,6.15,0,6.32,5.48,5,8.67,7,7.83,8.75,7.5,7.82,10,10,10,4.25,8.33,3.89,8.44,3.68,9.71,7.35,6.83,9.56,5,7.13
"Bulgaria",6.76,9.63,10,10,10,10,10,7.85,9.21,9.58,9.69,9.42,9.72,9.61,6.67,8.49,6.67,7.58,8.33,7.75,10,7.78,6.67,8.15,9.74,9.4,8.98,9.38,9.42,10,10,10,7.28,5.08,8.15,9.89,5.13,7.1,5,5.56,3.33,10,10,10,7.5,10,10,4.55,4.88,9.15,10,7,8.5,6.89,5.6,4.46,5.15,8.33,5.5,3.79,8.72,4.88,8.86,9.39,9.34,10,8.6,8.98,6.61,8.06,6.46,9.85,8.16,10,8.13,4.62,8.85,6.4,7,10,8.09,9,9.03,5.28,7.13,7.18,6,9.25,10,5.11,7.14,4.52,5.33,5.12,3.78,4.69,6.06,9.33,6.25,7.21
"Burkina Faso",6.09,9.62,10,0,0,0,3.85,6.39,9.12,4.19,7.59,9.45,8.45,8.5,3.33,8.58,10,9.29,9.29,8.2,5,5.56,6.67,5.74,9.88,9.83,8.17,9.29,8.63,7.31,10,8.66,8.61,6.47,8.14,7.08,5.84,7.23,5,5.56,6.67,10,10,10,7.5,7.5,2.42,5.35,9.56,6.98,9,4,6.5,7.78,4.86,3.3,4.75,3.33,6.1,2.32,4.82,3.79,8.72,8.68,9.27,0,7.69,7.58,7.05,7.44,6.47,3.6,5.03,10,3.32,0.77,0,5.29,2.34,10,7.86,10,9.29,5.83,6.47,6.87,6,7.94,10,5.79,6.99,3.77,4.22,6.2,4.74,4.73,6.03,8.93,3.75,6.24
"Burundi",3.66,8.23,0,8.86,2.5,6.26,8.78,0.58,0.94,3.99,2.66,6.84,6.76,5.42,3.33,8.37,6.67,7.52,5.85,0.76,0,1.11,0,0.37,6.1,6.83,5.35,6.09,3.28,10,0,5,1.84,2.24,0.34,6.26,1.1,2.35,0,2.22,0,0,0,0,7.5,5,10,3.2,10,9.12,8,5,6.5,4.74,4.1,2.54,3.71,4.17,2.78,1.4,8.55,3.94,6.63,7.28,8.32,10,5.07,7.44,5.14,5.88,4.77,1.14,2.96,2.56,1.25,1.54,0,3.19,1.5,5,0,10,5,8.75,6.38,7.45,8,7.76,10,5.13,7.64,4.91,2.44,3.21,4.95,3.88,4.3,9.76,2.5,5.52
"Cabo Verde",6.93,8.12,10,10,5,10,10,8.49,8.63,9.52,9.84,9.81,9.59,9.74,3.33,9.77,10,9.89,9.89,8.7,10,2.22,10,10,9.77,9.79,9.6,9.72,9.79,10,10,10,7.96,6.03,5.16,9.9,6.6,7.13,10,2.22,10,10,10,10,2.5,10,10,3.57,8.62,10,8,4,6,7.63,6.27,6.03,5.3,4.17,7.44,5.53,8.92,5.28,9.4,9.52,9.63,10,6.77,7.96,4.74,6.49,5.06,6.66,5.86,10,7.2,9.23,0,5.48,5.48,10,7.31,10,9.1,4.45,5.03,6.65,8,5.07,1,5.51,5.1,4.53,6.44,6.4,6.49,5.97,6.14,9.27,5,6.8
"Cambodia",3.96,9.46,5,10,5,10,10,3.3,3.79,6.73,5.37,7.97,7.22,6.85,6.67,8.23,6.67,7.45,6.6,2.23,2.5,1.11,3.33,2.31,4.83,6.88,4.45,5.38,1.74,10,0,5,2.71,2.16,0.99,5.59,2.88,2.87,2.5,1.11,3.33,10,10,10,7.5,7.5,10,8.68,8.96,8.79,10,10,10,7.84,3.2,2.36,4.66,4.17,1.92,2.16,7.55,4.59,7.82,9.29,9.42,10,9.02,7.96,6.7,7.89,5.33,4,4.66,10,6.25,5.38,0,5.39,4.26,5,7.51,9,8.25,5.83,4.4,5.72,10,6.3,5,4.76,6,4.27,4.89,1.98,6.17,4.33,3.38,4.99,3.75,4.04
"Cameroon",5.01,8.68,5,0,2.5,0,4.05,3.1,6.33,3,5.26,8.93,8.53,7.57,3.33,9.36,6.67,8.01,6.84,6.2,0,3.33,3.33,2.22,6.91,9.83,5.39,7.37,4.52,8.85,0,4.43,4.55,3.86,4.47,6.35,6.22,5.09,0,1.11,0,0,0,0,7.5,7.5,9.86,7.61,9.42,8.17,5,4,4.5,6.42,3.64,3.58,4.53,4.17,3.83,2.33,3.97,3.78,9.52,9.57,9.55,0,7.05,6.36,6.29,6.57,5.16,0,2.58,10,3.32,1.54,0,5.35,2.55,5,7.54,10,7.51,6.12,6,6.63,8,7.01,10,5.31,7.01,4.23,3.56,1.8,4,3.4,6.07,8.83,3.75,6.22
"Canada",8.09,9.4,10,10,10,9.87,9.95,8.89,9.83,9.79,9.81,9.71,9.61,9.71,3.33,9.58,10,9.79,9.38,9.39,10,2.22,10,10,8.92,9.91,9.69,9.5,9.19,10,10,10,9.38,8.55,8.96,9.89,8.73,9.1,10,2.22,10,10,10,10,10,10,10,3.39,5.85,10,5,5,5,7.19,7.98,7.9,8.86,10,8.66,6.38,8.68,7.94,8.54,8.85,9.32,10,9.8,9.2,2.21,7.07,7.97,9.89,8.93,10,10,7.69,0,8.51,6.55,10,7.97,10,9.32,6.95,7.89,7.24,8,8.27,10,6.43,7.83,4.83,7.11,8.53,6.77,6.81,8.45,6.85,8.75,8.02
"Central African Republic",4.3,4.16,10,0,0,0,0,4.74,4.67,2.77,5.54,7.41,6.93,6.63,3.33,9.26,6.67,7.96,9.31,5.83,0,5.56,3.33,2.96,8.25,9.77,6.68,8.23,4.92,0,5.52,2.76,8.99,4.6,4.94,9.25,6.48,6.85,2.5,4.44,3.33,10,10,10,7.5,7.5,7.84,9.09,9.58,1.18,5,2,3.5,8.43,4.7,2.01,1.52,4.17,3.74,0.25,4.97,0,8.19,9.06,9.15,0,7.21,6.4,6.18,6.6,2.5,2.28,2.39,10,1,1.54,0,2.5,1.26,5,10,10,8.33,1.25,6,5.87,6,7.01,0,2.5,3.79,3.2775,0.67,1.81,3.54,2,5.08,7.31,3.75,5.38
"Chad",4.01,7.37,5,0,2.5,0,3.87,1.71,2.34,2.2,4.83,7.52,8.64,7,3.33,8.23,6.67,7.45,7.92,3.39,2.5,1.11,3.33,2.31,5.83,6.77,3.82,5.47,3.73,8.14,8.47,8.3,7.09,4.15,0.66,4.42,3.87,4.04,2.5,1.11,3.33,0,0,0,5,5,6.59,10,9.92,1.01,8,8,8,7.83,2.46,2.18,3.21,4.17,2.28,2.36,6.79,3.11,9.99,8.03,9.85,0,7.905,6.42,6.21,6.31,4.46,0.77,2.62,10,2.07,1.54,0,2.98,1.65,2,10,10,7.33,3.75,3.97,6.1,6,7.94,3,2.64,4.77,3.64,0.67,0.56,1.58,1.61,3.45,7.2,3.75,4.8
"Chile",7.33,8.94,10,10,5,9.74,9.58,9.02,8.63,8.85,9.07,9.59,9,9.22,3.33,9.63,10,9.81,9.94,7.33,10,8.89,10,9.63,8.84,9.92,9.89,9.55,9.21,10,10,10,8.87,7.76,7.46,9.92,7.74,8.35,10,10,10,10,10,10,7.5,10,10,6.16,6.83,10,6,6,6,8.38,7.57,6.89,8.31,7.5,7.39,6.08,9.1,7.36,9.11,8.86,9.1,10,9.85,8.8,9.83,9.49,8.5,6.83,7.67,10,8.5,2.31,0,8.31,4.78,8,6.01,7,7,6.05,3.32,8.3,10,2.52,0,7.1,5.33,4.02,7.56,7.46,5.84,6.22,8.92,7.74,8.47,8.38
"China",3.81,9.85,5,10,7.5,10,10,2.51,5.97,7.28,2.99,5.23,5.29,4.5,3.33,1.12,0,0.56,1.27,0.39,2.5,1.11,0,1.2,2.06,1.02,1.47,1.51,2.37,10,5.93,7.97,0.56,1.51,0.61,2.54,0.39,1.12,0,0,0,10,10,10,10,10,10,3.14,8.29,3.87,6,6,6,4.1,4.41,3.78,5.48,4.17,3.85,4.83,8.32,5.71,9.81,9.34,9.8,5,9.5,8.5,7.48,8.49,5.4,8.64,7.02,10,3.32,0,0,5.93,2.31,2,7.49,9,6.16,8.2,3.76,6.05,10,2.52,0,4.77,5.04,5.63,3.56,3.66,6.4,4.81,5.37,9.11,4.93,6.47
"Colombia",5.26,2.01,0,8.55,2.5,4.43,8.03,6.15,2.58,4.61,8.19,8.97,7.67,8.27,3.33,8.69,6.67,7.68,8.95,6.14,2.5,5.56,10,6.02,9.74,9.94,9.31,9.66,6.9,7.04,10,8.52,6.07,5.55,7.32,8.62,7.09,6.93,5,6.67,6.67,10,10,10,10,10,10,6.32,7.16,6.58,7,7,7,7.61,5.48,4.83,5.07,4.17,4.69,3.74,9.06,3.41,9.06,9.22,9.3,5,9.33,8.84,6.2,8.12,4.88,3.89,4.39,10,5.84,1.54,0,6.52,3.47,10,5.44,10,8.48,6.95,4.91,6.67,10,4.82,1,6.34,5.81,2.8,5.78,4.6,4.82,4.5,7.38,8.75,5.97,7.37
"Comoros",5.01,7.76,10,10,5,10,10,3.5,5.25,8.13,7.69,7.57,7.77,7.68,3.33,5.9,3.33,4.61,5.52,6.64,2.5,2.22,3.33,2.92,8.64,8.85,9.22,8.9,6.44,10,0,5,7.33,5.46,5.29,9.11,5.55,6.55,2.5,2.22,3.33,0,0,0,2.5,0,10,8.98,5.72,3.05,8,7,7.5,6.17,4.23,2.69,3.41,4.17,3.51,2.08,6.93,2.5,9.28,8.72,8.97,0,7.905,6.98,6.62,6.8,2.5,6.37,4.43,10,1.22,4.17,0,2.5,1.97,5,7.83,10,8.91,3.33,4.16,5.87,6,8.32,10,0,5.3,3.2775,2,3.99,5.69,3.89,4.72,9.17,5,6.3
"Congo, Dem. Rep.",4.55,6.06,5,4.16,0,0,7.86,3.33,8.44,4.11,7.44,8.35,8.5,8.1,6.67,7.91,3.33,5.62,6.1,6.52,2.5,3.33,3.33,3.06,8.27,9.71,6.86,8.28,4.76,9.69,7.38,8.53,7.49,4.4,3.25,7.96,6.5,5.92,2.5,3.33,3.33,10,10,10,2.5,7.5,10,8.4,9.92,10,5,2,3.5,6.05,3.53,1.6,3,3.33,3.25,0.49,5.96,1.57,7.26,3.65,8.2,5,9.11,7.82,7.38,8.1,3.8,0,1.9,10,3.32,0.77,0,4.11,2.05,0,9.06,8,5.69,3.33,7.5,6.33,8,10,3,3.6,5.97,3.2,0,4.11,3.06,2.59,6.15,8.9,2.5,5.85
"Congo, Rep.",3.87,7.29,5,10,5,10,10,2.95,1,6.28,5.76,6.06,4.12,5.31,6.67,8.86,6.67,7.76,7.98,2.42,0,2.22,3.33,1.85,6.94,9.87,6.78,7.86,3.3,10,5.21,7.61,3.12,4.84,1.04,4.22,5.47,3.74,2.5,2.22,3.33,10,10,10,7.5,7.5,10,3.05,8.07,10,5,2,3.5,4.55,4.35,1.87,4.34,5,2.86,2.76,4.51,2.5,8.52,3.06,9.66,0,8.85,7.62,7,7.82,5,0,2.5,10,2.93,1.54,1.66,5,2.78,0,10,4,4.67,1.8,5.02,5.87,4,7.53,10,2.5,5.14,3.25,2.67,4.27,2.88,3.27,4.44,8.23,2.5,5.06
"Costa Rica",8.13,6.68,10,10,10,10,10,9.41,9.47,9.84,9.74,9.47,9.82,9.68,3.33,9.51,10,9.76,8.7,9.5,10,10,10,10,9.91,9.94,9.79,9.88,9.56,10,10,10,9.57,7.17,8.5,9.93,9.27,8.89,10,10,10,10,10,10,5,5,10,5.69,8.14,9.31,9,4,6.5,7.48,7.25,6.43,7.06,10,6.58,4.26,8.67,4.48,9.49,9.66,9.65,10,8.97,8.88,6.35,8.07,6.23,7.47,6.85,10,10,6.15,9.85,7.2,8.3,5,7.49,10,7.5,4.87,5.33,5.91,8,5.66,10,6.23,6.57,2.78,4.67,9.11,6.65,5.8,6.04,8.67,6.47,7.06
"Cote d'Ivoire",5.82,6.62,10,10,5,9.02,9.87,6.43,5.88,8.03,8.15,8.58,8.89,8.54,3.33,9.26,10,9.63,8.36,6.52,5,6.67,3.33,5,9.14,8.98,9.32,9.14,7.51,10,10,10,7.7,5.41,4.66,9.51,5.92,6.64,5,5.56,3.33,10,10,10,10,7.5,6.33,7.91,9.38,6.09,3,1,2,7.64,4.67,4.25,4.96,4.17,5.01,4.49,6.93,4.52,9.21,9.35,9.18,0,5.24,7.58,7.05,6.62,5.11,1.83,3.47,10,3.32,0.77,0,5.72,2.45,10,8.08,5,7.69,5.28,6.28,7.36,8,7.57,3,5.39,6.13,4.04,4.44,5.81,6.45,5.19,6.68,8.25,5,6.64
"Croatia",6.99,9.76,10,10,10,9.57,9.77,7.66,9.7,9.53,8.57,9.39,9.8,9.25,6.67,9.06,10,9.53,9.75,7.07,10,10,10,10,9.73,9.47,9.03,9.41,8.18,10,10,10,7.05,5.56,7.23,9.85,6.81,7.3,7.5,5.56,6.67,10,10,10,10,10,10,3.56,4.86,7.83,7,2,4.5,6.9,5.47,4.87,4.79,8.33,7.2,3.78,8.39,5.44,8.93,9.66,9.49,10,8.6,8.98,6.61,8.06,7.54,9.98,8.76,10,6.71,3.85,8.85,6.44,6.46,8,8.94,10,8.98,4.67,6.25,6.72,6,7.51,10,3.67,6.4,1.58,6.67,6.18,6.35,5.19,5.78,8.52,5.96,6.75
"Cyprus",7.45,9.63,10,10,7.5,10,10,8.85,9.84,9.46,9.01,9.85,8.77,9.21,6.67,8.87,6.67,7.77,9.67,8.82,10,2.22,10,10,9.81,9.85,9.56,9.74,9.55,10,10,10,8.86,6.42,6.74,9.89,6.3,7.64,10,2.22,6.67,10,10,10,5,10,10,4.46,4.7,10,7,6,6.5,7.74,6.81,6.57,7.06,8.33,7.97,4.5,7.3,6.95,7.06,9.41,9.51,10,8.6,8.98,6.61,8.06,8.4,9.32,8.86,10,8.75,6.15,0,8.16,5.77,10,8.47,10,9.49,5.28,7.5,6.29,10,10,1,4.82,6.41,4.45,8.22,7.85,9.33,7.46,6.19,5,6.25,5.81
"Czech Republic",7.69,9.87,10,10,10,10,10,8.79,9.83,9.8,8.58,9.48,9.49,9.18,6.67,9.07,10,9.54,9.35,8.3,10,10,10,10,9.8,9.06,8.8,9.22,9.59,10,10,10,7.87,7.51,7.61,9.79,7.76,8.11,7.5,8.89,6.67,10,10,10,7.5,10,10,2.31,4.1,9.14,9,5,7,8.4,6.81,6,8.12,10,7.83,4.52,8.17,7.3,8.91,9.54,9.23,10,8.6,8.98,6.61,8.06,8.27,9.98,9.13,10,10,3.08,8.85,8.97,7.72,10,8.19,9,9.06,6.95,6.38,7.82,10,7.76,10,5.08,7.71,2.91,6,7.16,5.8,5.47,7.3,6.91,7.5,7.24
"Denmark",8.42,9.77,10,10,10,10,10,8.76,9.88,9.81,9.18,9.24,9.27,9.23,6.67,9.7,10,9.85,9.52,9.44,10,2.22,10,10,9.8,9.93,9.73,9.82,9.74,4.85,10,7.42,9.29,9.54,9.77,9.91,9.73,9.65,10,2.22,10,10,10,10,10,10,10,1.54,4.38,9.97,3,2,2.5,7.49,8.53,8.81,9.17,10,9.62,7.71,9.73,9.04,9.26,9.62,9.63,10,8.6,8.98,6.61,8.06,7.1,9.98,8.54,10,10,6.92,0,8.73,6.41,10,10,10,10,8.75,10,5.59,8,10,3,6,7.33,4.79,6.44,9.15,8.01,7.1,8.71,9.87,8.75,9.11
"Djibouti",4.9,8.11,10,10,5,10,10,4.28,4.53,7.69,4.3,8.39,7.36,6.68,6.67,6.36,3.33,4.85,4.82,5.06,0,2.22,3.33,1.85,5.77,7.75,5.91,6.48,5.48,10,10,10,5.32,2.88,2.34,2.89,2.56,3.2,0,0,0,10,10,10,2.5,0,0.56,4.21,5.72,7.14,8,4,6,4.7,5.68,2.47,3.41,4.17,4.25,1.58,7.71,5.44,0,9.32,9.7,10,7.905,5.82,6.66,6.24,2.5,4.62,3.56,10,6.54,3.85,0,2.5,3.22,5,9.61,9,9.3,3.05,7.5,5.87,6,10,10,5,6.93,3.2775,1.56,5.09,7.07,4.57,6.03,8.53,5,6.52
"Dominican Republic",6.75,6.94,10,10,7.5,10,10,8.7,9.02,9.32,9.77,9.45,9.3,9.51,3.33,9.42,10,9.71,9.71,8.62,7.5,8.89,10,8.8,9.4,9.92,8.78,9.36,9.79,4.35,10,7.17,8.51,7.81,8.91,9.12,9.15,8.7,5,7.78,6.67,10,10,10,7.5,10,10,7.44,9.6,10,9,7,8,8.73,5.17,4.38,5.45,5,5.5,3.02,8.26,4.01,8.82,9.21,8.35,10,8.9,8.48,5.99,7.79,6.49,8.88,7.68,10,7.85,3.85,0,7.02,4.68,5,6.57,10,7.19,5.28,2.64,6.07,8,2.78,10,6.46,5.89,3.27,5.33,5.8,4.47,4.72,6.08,7.55,5,6.21
"Ecuador",7.05,5.92,10,10,7.5,10,10,9.46,9.61,9.51,9.61,9.34,9.69,9.55,3.33,9.53,10,9.76,9.8,6.77,7.5,8.89,6.67,7.69,8.11,9.54,9.12,8.92,6.2,10,8.54,9.27,7.31,5.43,7.58,7.77,7.21,7.06,7.5,6.67,6.67,10,10,10,7.5,7.5,10,5.9,9.59,7.51,7,4,5.5,6.52,4.39,3.56,4.73,2.5,5.08,3.71,8.82,4.53,9.86,9.4,9.97,5,6.53,7.76,4.76,6.35,4.84,5.24,5.04,10,7.25,1.54,0,3.46,3.06,8,7.57,10,8.52,4.72,1.57,6.22,6,0.65,10,6.34,5.07,2.47,3.11,6.62,2.53,3.68,6.75,8.76,4.18,6.56
"Egypt, Arab Rep.",4.22,9.27,0,9.44,5,7.81,9.5,1.42,2.33,5.07,3.54,9.24,6,6.26,3.33,6.24,3.33,4.79,1.22,1.85,0,2.22,3.33,1.85,4.58,6.48,2.81,4.62,2.51,10,0,5,1.3,2.62,1.34,5.12,1.83,2.44,0,1.11,3.33,0,0,0,0,0,1.28,9.36,7.07,0,9,5,7,3.06,5.62,3.88,5.95,1.67,4.62,3.05,8.2,5.69,8.05,6.65,8.96,10,8.28,6.2,0,4.83,5.38,2.02,3.7,10,4.59,4.62,0,4.65,3.46,2,2.9,10,4.97,7.5,2.82,7.84,8,0.65,0,5.35,4.59,4.03,4.44,1.94,4.88,3.82,4.54,8.1,3.97,5.54
"El Salvador",4.85,4.72,5,10,7.5,10,10,4.69,6.14,7.62,8.12,7.19,6.27,7.19,3.33,9.69,10,9.85,7.85,6.13,7.5,7.78,3.33,6.2,9.33,9.93,9.73,9.66,6.62,10,10,10,5.33,3.93,1.6,8.85,6.24,5.19,5,6.67,3.33,10,10,10,10,7.5,10,6.16,9.45,10,8,8,8,8.99,2.97,3.21,4.69,4.17,3.29,3.85,8.17,1.29,8.69,9.08,9.31,10,9.27,8.8,6.71,8.26,6.36,8.54,7.45,10,7.25,3.08,8.85,5.92,6.27,8,5.54,10,7.85,4.72,3.8,7.32,6,2.6,3,6.41,4.84,2.46,4.22,3.5,6.56,4.19,6.22,5.85,6.94,6.34
"Estonia",8.33,9.43,10,10,10,10,10,9.27,9.77,9.86,9.8,9.86,9.84,9.83,6.67,9.59,10,9.8,9.85,9.5,10,10,10,10,9.16,9.88,9.66,9.57,9.8,10,10,10,9.44,8.75,9.7,9.89,9.25,9.41,10,8.89,10,10,10,10,10,10,10,3.19,5.5,8.77,10,4,7,7.65,7.94,6.78,8.69,8.33,7.72,6.74,9.5,7.91,7.52,9.06,9.07,10,8.6,8.98,6.61,8.06,8.05,9.94,8.99,10,10,5.38,0,8.91,6.07,10,9.21,9,9.4,7.08,7.76,8.67,4,9.25,3,4.4,6.31,5.2,8.67,9.62,9.72,8.3,8.08,9.24,8.75,8.69
"Eswatini",4.23,6.32,10,10,5,10,10,1.85,2.94,7.11,8.06,8.6,6.51,7.72,3.33,7.64,6.67,7.15,8.18,0.84,0,2.22,3.33,1.85,0.35,1.35,6.84,0.85,1.69,10,10,10,2.49,3.04,0.71,1.27,1.77,1.86,2.5,1.11,3.33,0,10,5,2.5,2.5,10,5.08,9.78,0,7,7,7,3.99,4.71,4.46,3,4.17,3.83,0.8,7.2,4.51,9.25,7.62,9.26,5,3.33,8.46,5.66,5.82,2.9,3.28,3.09,10,0.82,1.54,0,3.07,1.36,8,7.44,10,8.48,4.45,3.45,5.87,10,6.89,10,1.9,6.08,4.04,3.78,2.68,4.32,3.71,2.76,8.68,0,3.81
"Ethiopia",5.09,7.8,5,0,0,0,8.92,4.92,5.08,3.42,5.03,7.38,6.98,6.46,3.33,7.4,6.67,7.03,7.17,6.26,2.5,4.44,6.67,4.54,6.84,7.97,5.63,6.81,6.2,9.51,4.3,6.9,5.18,3.19,3.05,5.15,2.14,3.74,2.5,2.22,3.33,0,0,0,7.5,7.5,3.48,8.56,8.91,6.12,7,3,5,5.73,3.81,3.67,3.96,3.33,5.88,5.27,7.04,4.47,8.02,7.63,4.63,5,5.58,6.6,5.24,5.81,3.43,9.81,6.62,0,2.42,0,0,4.69,1.78,2,8.97,10,6.99,5.83,6.02,3.74,10,7.04,10,4.55,6.74,3.74,3.78,4.09,5.82,4.36,5.53,9.02,3.75,6.1
"Fiji",5.96,9.37,10,10,5,10,10,5.57,8.93,9.08,8.49,8.88,8.96,8.77,6.67,8.5,10,9.25,7.9,6.01,5,2.22,6.67,5.83,6.9,9.29,9.17,8.45,7.34,10,10,10,4.82,4,4.4,6.76,2.8,4.55,5,2.22,6.67,10,10,10,10,7.5,10,4.9,9.08,5.51,7,7,7,7.31,4.82,5.02,2.16,4.17,5.96,4.94,7.71,2.5,9.57,8.9,9.97,0,5.56,8.42,0,4.66,2.5,6.53,4.51,10,4.57,0,0,5,2.39,10,8.7,10,9.57,6.95,9.14,5.87,10,8.27,10,7.5,8.64,4.58,6.67,6.43,4.87,5.64,6.52,8.62,6.25,7.13
"Finland",8.76,9.52,10,10,10,10,10,9.77,9.84,9.94,9.72,9.9,9.91,9.84,6.67,9.81,10,9.91,9.72,7.55,10,2.22,10,10,9.02,9.82,9.74,9.53,9.56,10,10,10,9.45,9.07,7.92,9.88,9.35,9.13,10,2.22,10,10,10,10,10,10,10,2.24,3.49,9.23,3,2,2.5,7.05,8.6,8.43,9.67,10,9.67,7.53,7.52,9.77,7.1,9.74,9.56,10,8.6,8.98,6.61,8.06,7.72,9.13,8.43,10,10,3.08,0,8.83,5.48,10,8.94,10,9.65,5.7,8.75,2.8,8,10,3,6.17,6.35,6.49,6.67,9.13,8.25,7.63,9.89,9.86,7.5,9.08
"France",7.73,9.67,10,10,10,9.73,9.79,8.14,9.7,9.62,9.81,9.41,9.45,9.56,3.33,9.09,6.67,7.88,8.07,7.51,7.5,2.22,6.67,7.08,9.8,9.88,9.68,9.79,8.32,10,10,10,9.69,8.64,9.28,9.2,9.71,9.3,10,2.22,6.67,10,10,10,10,7.5,10,2.49,1.49,10,4,2,3,7.43,7.13,7.3,8.52,8.33,8.21,6.26,6.81,7.3,7.05,9.7,9.67,10,8.6,8.98,6.61,8.06,8,9.98,8.99,10,10,5.38,0,8.59,5.99,8,7.32,10,8.44,3.62,6.21,6.63,4,8.13,10,6.53,6.45,4.28,7.11,9.01,6.72,6.78,7.67,7.44,7.22,7.44
"Gabon",6.84,7.66,10,10,5,10,10,8.04,9.29,8.9,8.81,9.11,8.87,8.93,3.33,8.23,10,9.11,9.59,7.16,2.5,3.33,3.33,3.06,7.97,9.45,7.17,8.19,7.45,10,10,10,7.61,5.9,4.95,9.1,5.66,6.64,2.5,3.33,3.33,10,10,10,7.5,7.5,10,4.21,9.45,10,5,2,3.5,5.44,4.32,3.13,3.33,3.33,5.03,1.46,4.86,2.64,9.64,4.99,9.78,0,7.33,6.46,6.18,6.66,3.36,3.57,3.46,10,2.07,1.54,6.31,3.3,3.3,5,10,10,8.33,3.62,4.25,5.86,8,8.5,10,2.26,6.07,3.44,4.22,6.8,1.46,3.98,2.85,6.43,0,3.09
"Gambia, The",7.16,7.35,10,10,7.5,10,10,7.76,9.58,9.26,9.8,9.88,9.4,9.69,3.33,8.58,10,9.29,9.32,7.95,5,5.56,6.67,5.74,8.78,9.74,6.71,8.41,9.26,10,10,10,7.41,5.49,7.5,9.1,6.5,7.2,5,6.67,6.67,0,0,0,0,0,2.43,8.51,9.58,6.15,9,9,9,7.04,5.98,4.73,5.03,3.33,6.36,3.13,6.06,4.73,8.7,9.54,8.53,10,6.86,7.58,7.05,7.16,4.65,4.8,4.73,10,5.28,7.69,0,5.31,4.57,10,9.35,9,9.45,5,5.26,6.86,10,5.51,10,6.3,6.99,5.45,4.22,6.64,5.67,5.5,5.43,8.09,5.31,6.28
"Georgia",6.93,9.41,10,10,5,10,10,7.95,9.75,8.96,9.51,9.82,9.75,9.69,6.67,7.34,6.67,7,9.8,9.3,5,7.78,3.33,5.37,9.81,9.84,9.2,9.62,9.32,1.99,10,6,7.93,6.7,7.48,9.88,8.78,8.15,5,7.78,6.67,10,10,10,7.5,7.5,10,7.54,6.49,5.68,10,10,10,7.29,5.53,4.96,5.42,4.17,6.51,5.9,9.98,6.03,7.78,9.09,8.09,10,9.91,9.72,8.77,9.47,5.75,9.58,7.67,10,8.75,6.92,7.52,6.96,7.54,10,3.13,10,7.71,5.83,8.38,7.08,8,9.25,3,5.95,6.78,6.08,7.78,6.67,7.54,7.02,8.11,9.89,6.25,8.08
"Germany",9.01,9.76,10,10,10,9.72,9.66,8.96,9.87,9.74,9.91,9.89,9.87,9.89,3.33,9.53,6.67,8.1,9.49,6.81,10,2.22,6.67,8.33,9.88,9.03,9.67,9.52,9.84,10,10,10,8.61,7.9,9.45,9.25,8.61,8.76,10,2.22,10,10,10,10,10,10,10,2.64,1.75,10,5,5,5,8.92,7.53,8.45,8.59,10,8.6,8.03,6.85,7.17,7.17,9.73,9.37,10,8.6,8.98,6.61,8.06,8.28,9.18,8.73,10,10,3.08,0,8.47,5.39,5,8.78,10,7.93,6.95,5.63,6.01,8,6.26,10,6.89,7.1,5.69,7.11,9.9,7.53,7.56,8.64,8.86,7.5,8.34
"Ghana",6.95,9.47,10,10,7.5,9.8,9.67,7.96,8.51,9.06,9.48,9.95,9.78,9.73,6.67,9.8,10,9.9,9.25,9.76,7.5,8.89,10,8.8,9.73,9.72,9.09,9.51,9.7,9.02,10,9.51,7.56,4.95,8.74,9.86,7.37,7.7,7.5,8.89,6.67,0,10,5,2.5,2.5,9.76,8.11,9.25,10,8,4,6,8.08,6.22,4.96,5.27,5,5.94,3.11,7.37,5.05,7.77,9.37,8.01,0,7.32,7.58,7.05,7.31,4.69,3.96,4.33,10,2.5,3.85,0,5.72,3.02,8,3.62,10,7.21,7.5,2.5,6.31,8,0,10,5.44,5.68,4.76,4.44,3.42,6.23,4.72,6.11,8.14,6.25,6.83
"Greece",7.65,9.75,10,10,5,10,9.92,7.76,9.07,8.82,9.92,9.7,9.78,9.8,6.67,7.41,6.67,7.04,8.95,9.16,7.5,2.22,6.67,7.08,9.08,8.97,9.84,9.3,9.5,7.21,10,8.6,7.97,6.2,7.53,9.53,7.6,7.77,7.5,2.22,6.67,10,10,10,5,5,10,4.66,2.77,6.51,4,1,2.5,7.49,6.16,4.96,5.22,8.33,7.44,3.71,7.93,5.28,6.78,9.69,9.76,10,8.6,8.98,6.61,8.06,7.29,9.44,8.36,10,8.71,5.38,8.85,5.46,7.1,10,3.06,9,7.35,6.05,4.68,5.58,6,5.51,3,5.84,5.24,2.62,5.11,7.98,6.04,5.44,7.58,7.98,6.25,7.27
"Guatemala",5.33,4.19,10,10,5,9.8,10,5.97,6.58,8.19,9.18,9.49,8.43,9.03,3.33,9.11,10,9.56,9.75,6.1,5,3.33,6.67,5,9.63,9.85,8.91,9.46,6.18,10,8.48,9.24,7.76,5.09,3.83,9.07,5.85,6.32,5,4.44,3.33,10,10,10,10,7.5,10,8.35,8.96,10,10,9,9.5,8.39,4.93,3.36,6.4,5.83,4.74,1.69,8.36,1.66,8.8,9.83,9.15,10,9.27,8.88,7.47,8.54,7.73,6.62,7.18,10,8.75,6.92,0,6.96,5.66,10,9.67,9,9.56,5.42,4.39,6.9,4,1.27,10,5.31,5.33,3.37,4.89,3.89,6.11,4.56,7.33,7.22,7.5,7.35
"Guinea",3.92,7.43,10,10,2.5,10,10,2.68,2.71,6.84,5.49,8.17,4.26,5.97,3.33,8.58,6.67,7.62,8.27,4.62,2.5,3.33,3.33,3.06,7.45,7.47,7.05,7.32,5.76,10,10,10,2.94,4.47,5.71,4.84,7.65,5.12,5,3.33,3.33,0,0,0,0,2.5,0.55,6.03,5.72,8.27,5,2,3.5,6.85,4.45,2.66,2.88,0.83,3.86,2.69,7.59,4.11,8,7.52,7.48,5,9.26,7.58,7.05,7.96,4.54,1.91,3.23,10,2.5,0.83,0,4.01,1.84,5,8.79,10,9.4,4.67,5.8,6.32,6,8.13,3,4.11,5.43,4.42,3.56,2.19,4.01,3.54,4.96,8.44,2.18,5.19
"Guinea-Bissau",6.25,9.68,10,10,5,10,10,7.62,8.41,8.72,8.53,9.8,9.44,9.26,6.67,9.64,10,9.82,9.42,6.33,2.5,5.56,3.33,3.8,9.48,8.59,8.56,8.87,6.81,10,10,10,9.26,4.43,5.39,8.75,6.48,6.86,2.5,4.44,3.33,10,10,10,5,2.5,4.79,7.57,9.51,2.97,10,8,9,8.19,5.01,1.95,2.77,4.17,4.79,1.65,7.32,2.5,9.64,8.31,9.55,0,6.65,7.58,7.05,7.09,5,4.33,4.66,10,0.82,0.77,0,2.5,1.02,10,6.64,4,6.88,3.68,3.76,5.87,8,2.52,3,5,4.33,3.22,2.89,3.33,5.03,3.61,4.07,8.54,2.5,5.04
"Guyana",6.56,5.27,10,10,7.5,10,10,8.93,9.09,9.36,9.29,9.14,9.13,9.19,3.33,9.59,10,9.8,9.72,8.83,10,2.22,10,10,9.86,9.89,8.78,9.51,8.14,10,10,10,8.39,6.6,6.5,9.75,7.54,7.75,7.5,2.22,6.67,0,10,5,10,10,10,5.41,5.72,0,5,3,4,6.03,5.54,4.85,4.62,6.67,4.29,3.47,7.62,1.68,9.93,2.99,8.99,5,7.905,7.66,4.9,6.28,5.61,1.45,3.53,10,6.79,5.38,0,5.17,4.34,10,0,4,4.67,8.2,5.48,5.87,4,7.41,10,5.6,6.78,4.18,3.56,5.99,4.82,4.63,6.71,7.52,7.5,7.24
"Haiti",4.7,6.22,10,10,2.5,9.71,9.53,6.85,5.9,7.78,7.82,9.33,9.09,8.75,3.33,9.21,6.67,7.94,8.5,7.04,5,6.67,3.33,5,9.13,8.94,6.43,8.17,6.01,4.77,10,7.38,7.16,4.43,5.16,9.28,6.19,6.44,5,5.56,3.33,10,10,10,10,7.5,10,9.67,9.92,7.54,8,4,6,7.87,3.81,1.93,2.62,0,2.62,1.94,2.76,2.95,8.41,8.6,6.63,5,7.905,9.02,7.41,8.22,4.36,7.27,5.81,10,8.75,6.15,0,5.85,5.19,8,9.14,6,7.71,7.08,6.25,6.94,10,10,10,5.11,7.91,2.32,0.67,1.61,5.22,2.45,1.24,9.3,7.5,6.01
"Honduras",5.52,0,10,10,5,9.67,10,6.61,5.8,8.15,9.1,9.72,9.07,9.3,3.33,9.31,10,9.65,9.67,8.81,5,3.33,6.67,5,9.16,9.82,7.93,8.97,8.88,0,7.49,3.75,7.53,4.72,6.09,9.58,7.33,7.05,2.5,3.33,6.67,10,10,10,10,10,10,7.44,9.36,10,9,9,9,8.53,4.79,3.25,4.62,4.17,4.32,1.32,7.59,1.76,8.39,9.54,9.1,10,9.61,8.84,6.59,8.35,6.35,4.1,5.22,10,3.32,2.31,0,4.83,2.61,10,7.9,9,8.97,2.5,2.51,5.74,8,2.52,10,5.45,5.24,2.97,4,4.62,6.36,4.49,5.84,8.75,5,6.53
"Hong Kong SAR, China",5.77,9.91,10,10,10,10,10,6.21,9.4,9.27,6.72,9.01,8.95,8.23,3.33,7.46,6.67,7.46,7.14,2.24,2.5,2.22,3.33,2.5,5.18,5.17,5.45,5.26,2.8,10,10,10,3.85,1.46,2.62,6.16,2.77,3.37,2.5,2.22,3.33,10,10,10,10,10,10,7,8.81,6.13,10,10,10,7.66,7.16,8.56,9.36,5.83,6.49,8.06,6.95,8.21,9.12,9.48,9.69,10,10,10,10,10,9.16,9.67,9.41,10,10,7.69,0,9.23,6.73,10,6.4,10,8.8,8.75,9.75,8.63,10,9.5,10,6.83,9.07,7.31,6.22,4.83,9.81,7.04,9.71,9.79,9.45,9.65
"Hungary",7.01,9.78,10,10,7.5,10,10,9.16,9.82,9.5,9.21,9.84,9.86,9.64,3.33,8.99,6.67,7.83,8.69,3.9,10,5.56,6.67,7.41,9.72,9.88,6.91,8.84,5.25,10,10,10,4.71,4.92,4.97,9.86,4.14,5.72,5,3.33,3.33,10,10,10,10,5,10,2.89,6.08,7.71,10,5,7.5,5.64,5.53,5.38,6.22,10,6.29,3.91,8.03,5.86,8.44,9.59,8.98,10,8.6,8.98,6.61,8.06,7.01,9.97,8.49,10,10,3.85,8.85,8.13,7.71,8,7.31,9,8.1,6.12,6.38,6.24,4,7.76,10,6.93,6.77,3.3,6.44,5.64,5.95,5.33,6.15,7.78,5,6.31
"Iceland",8.42,9.84,10,10,10,10,10,9.82,9.86,9.95,9.64,9.93,9.91,9.82,6.67,9.67,10,9.83,9.82,9.77,10,2.22,10,10,9.67,9.88,9.57,9.7,9.79,10,10,10,8.55,6.39,9.55,9.89,6.69,8.21,7.5,2.22,10,10,10,10,10,10,10,1.54,7.04,9.8,4,3,3.5,8.03,7.91,8.74,9.1,10,9.02,7.14,8.75,9.51,9.39,9.17,9.11,10,9.89,9.38,4.52,7.93,7.74,8.78,8.26,10,9.1,5.38,8.85,5.97,7.33,2,4.75,8,4.92,7.78,8.75,4.7,8,10,10,5.5,7.82,5,7.78,8.78,7.97,7.38,8.02,9.55,7.5,8.36
"India",5.89,9.15,5,9.83,5,9.75,9.76,7.45,6.21,7.57,8.77,9.3,8.57,8.88,3.33,6.06,3.33,4.69,7.26,2.68,5,4.44,3.33,4.26,9.12,8.64,7.68,8.48,4.08,9.63,9.72,9.67,4.92,4.02,3.41,6.22,5.1,4.73,5,4.44,3.33,10,10,10,5,5,10,7.14,8.23,7.4,7,7,7,8.44,6.29,5.36,5.45,6.67,6.59,3.08,6.34,5.17,9.12,8.88,8.97,5,9.09,6.34,2.31,5.91,5.38,7.35,6.36,10,2.42,0,0.77,6.67,2.46,2,5.84,9,5.61,6.35,5.14,6.28,4,6.3,10,4.72,6.11,5.18,5.33,6.01,5.66,5.54,5.57,9.18,5.21,6.65
"Indonesia",5.87,9.88,10,9.9,7.5,9.91,9.94,6.8,7.64,8.81,8.16,9.31,8.57,8.68,3.33,6.3,3.33,4.82,6.37,7.19,5,4.44,6.67,5.37,8.63,8.11,7.96,8.23,7.05,9.89,10,9.95,7.33,4.88,6.3,8.37,6.64,6.7,7.5,4.44,6.67,5,5,5,7.5,0,10,7.61,9.43,10,8,7,7.5,6.1,5.87,4.38,5.58,3.33,5.27,3.72,6.69,5.31,9.46,8.99,9.69,10,9.55,8.38,5.76,7.89,6.03,4.38,5.21,10,5.84,1.54,0,4.12,2.87,5,8.68,10,7.89,4.3,2.72,6.34,10,0,5,4.09,4.64,5.08,6,6,6.05,5.78,4.36,7.65,3.96,5.32
"Iran, Islamic Rep.",4.44,9.28,5,9.31,2.5,9.89,9.92,2.53,4.52,6.24,4.65,9.03,5.15,6.28,3.33,2.72,3.33,3.03,4.38,1.86,0,1.11,0,0.37,2.8,4.38,1.7,2.96,2.11,8.94,0,4.47,2.77,2.11,2.03,3.26,3.65,2.77,0,1.11,0,0,0,0,0,0,10,4.47,7.99,9.37,7,7,7,4.14,3.53,2.18,2.11,6.67,4.86,3.08,8.17,6.32,8.59,3.69,1.32,10,7.52,5.98,2.6,5.37,2.65,4.39,3.52,0,0,0.83,0,1.88,0.68,0,9.22,10,6.41,5.13,3.76,5.31,8,2.52,1,2.77,4.07,2.4,0,4.02,5.04,2.86,3.79,8.79,1.25,4.61
"Iraq",4.24,5.52,0,1.09,2.5,0,0,3.12,2.57,1.33,7.99,7.82,5.35,7.05,3.33,4.34,3.33,3.84,7.37,4.75,0,5.56,3.33,2.96,8.01,7.76,7.31,7.69,6.15,0.58,4.66,2.62,5.08,2.57,5.25,8.08,4.86,5.17,2.5,2.22,3.33,0,0,0,0,0,9.26,2.94,7.86,0.41,10,8,9,4.42,5.02,2.53,2.5,2.5,3.35,2.42,6.64,0,8.64,2.68,8.79,10,9.67,7.58,5.355,9.67,7.5,0.46,3.98,10,7.5,2.31,0,5,3.7,5,10,9,9.5,4.87,4.52,5.87,6,6.55,10,2.5,5.74,5.15,0,2.31,4.5,2.99,4.06,8.2,3.46,5.24
"Ireland",8.39,9.87,10,10,10,10,9.64,9.37,9.71,9.82,9.75,9.82,9.1,9.55,6.67,9.65,10,9.82,9.8,8.77,10,2.22,10,10,9.73,9.86,9.76,9.78,9.82,10,10,10,9.4,8.73,9.56,9.88,9.45,9.4,10,2.22,10,10,10,10,10,10,10,1.73,7.07,10,6,3,4.5,8.71,7.89,7.25,8.95,10,9.19,4.81,7.27,7.65,8.15,9.2,9.53,10,8.6,8.98,6.61,8.06,7.91,9.09,8.5,10,10,7.69,8.85,9,8.89,8,9.57,10,9.19,8.2,6.94,7.15,10,6.37,10,8.14,8.11,4.9,6,9.25,9.02,7.29,7.63,8.24,8.75,8.21
"Israel",7.35,9.44,10,0,5,8.39,7.89,7.76,8.91,6.85,9.05,9.51,8.54,9.03,3.33,9.32,10,9.66,8.61,6.57,5,2.22,6.67,5.83,9.46,8.79,9.49,9.25,8.31,0.14,0,0.07,9.02,6.86,5.83,9.46,6.87,7.61,7.5,2.22,6.67,10,10,10,2.5,7.5,10,2.64,5.07,10,5,5,5,7.56,6.93,7.21,7.45,4.17,8.22,4.74,6.93,7.16,8.96,9.67,9.7,10,9.72,9.28,6.14,8.38,7.9,7.4,7.65,10,10,6.15,10,8.49,8.66,10,8.74,10,9.58,7.57,5.01,6.97,8,2.52,0,4.58,4.95,4.22,8.22,7.52,8.69,7.16,8.03,7.65,7.22,7.63
"Italy",7.54,9.85,10,10,10,10,9.94,8.02,9.51,9.64,9.22,9.22,9.16,9.2,3.33,9.65,6.67,8.16,9.85,8.21,10,2.22,10,10,9.89,9.47,9.77,9.71,9.73,10,10,10,8.47,8.17,9.47,9.9,7.22,8.65,7.5,2.22,6.67,10,10,10,10,10,10,4.35,2.68,10,4,1,2.5,7.63,6.21,5,6.57,10,7.12,3.33,8.25,5.71,6.86,9.89,9.63,10,8.6,8.98,6.61,8.06,8.01,9.98,9,10,10,6.92,0,7.52,6.11,10,6.86,10,8.95,5.28,6.25,3.82,8,10,10,6.5,7.12,1.76,5.11,7.25,4.92,4.76,6.13,7.82,6.25,6.73
"Jamaica",6.73,0,10,10,7.5,10,10,8.16,6.84,8.93,8.94,9.85,9.88,9.56,3.33,8.78,10,9.39,9.87,9.34,10,10,10,10,9.08,9.89,9.19,9.39,9.51,10,10,10,9.12,6.77,8.86,9.91,8.84,8.7,10,10,10,0,10,5,7.5,10,10,6.34,8.38,10,8,5,6.5,8.38,6.8,5.35,6.62,8.33,5.55,2.88,8.72,2.12,8,9.3,8.83,10,7.4,8.28,5.49,7.06,6.06,5.7,5.88,10,4.57,1.54,10,7.27,5.84,10,8.23,9,9.08,6.95,5.77,6.97,10,6.55,10,5.45,7.38,3.72,6.22,6.95,4.75,5.41,8.71,8.63,7.5,8.28
"Japan",7.98,9.93,10,10,10,10,10,9.05,9.8,9.83,8.49,9.31,9.86,9.22,3.33,9.82,10,9.91,9.44,9.59,10,2.22,10,10,9.8,9.96,8.74,9.5,9.8,10,10,10,8.92,7.11,7.66,9.88,6.94,8.1,7.5,2.22,10,10,10,10,7.5,10,10,3.39,3.95,8.31,3,3,3,9.44,7.8,7.77,9.34,8.33,8.63,6.19,8.01,9.36,9.48,9.73,9.95,10,9.67,9.16,3.77,7.53,6.88,8.73,7.8,10,10,8.46,0,8.61,6.77,8,6.16,10,8.05,8.2,7.5,7.92,8,10,10,3.75,7.91,5.01,8.44,8.14,6.78,7.09,8.02,9.15,7.5,8.22
"Jordan",6.21,9.7,10,10,7.5,10,10,6.25,7.36,8.73,8.35,9.59,6.56,8.16,3.33,5.33,3.33,4.33,4.43,5.02,0,3.33,3.33,2.22,7.84,8.96,6.35,7.71,5.84,10,5.41,7.7,5.5,4.21,1.46,7.13,4.2,4.5,2.5,3.33,3.33,10,10,10,0,0,10,6.44,8.11,7.86,9,5,7,7.78,5.91,5.64,5.85,5.83,6.59,3.12,6.72,7.74,9.91,9.66,9.73,10,9.1,7.98,3.86,6.98,7.06,6.73,6.9,10,8.75,6.15,0,6.54,5.36,10,6.2,10,8.73,6.38,7.5,7.19,6,10,10,5.96,7.58,4.64,5.78,7.36,6.96,6.18,6.09,9.82,7.22,7.71
"Kazakhstan",5.37,9.13,10,10,2.5,10,10,3.25,7.56,7.62,8.2,9.3,8.95,8.82,3.33,5.76,3.33,4.54,4.39,3.33,2.5,3.33,3.33,3.06,4.55,6.97,4.65,5.39,5.14,10,3.38,6.69,4.65,4.04,1.45,5.13,3.48,3.75,0,1.11,3.33,10,10,10,10,10,10,6.33,7.57,10,10,7,8.5,5.79,4.24,4.24,5.32,8.33,4.98,4.34,9.91,5.34,9.61,8.6,8.39,10,7.95,8.86,7.2,8,5.88,4.89,5.38,10,4.87,2.31,0,4.42,2.9,8,8.94,10,8.98,7.5,7.13,7.85,10,9.25,3,5.39,7.16,4.94,5.33,3.58,6.46,5.08,4.65,9.24,3.75,5.88
"Kenya",6,8.47,5,9.19,5,8.13,9.13,5.74,5.89,6.87,7.19,9.07,9.13,8.46,6.67,9.53,3.33,6.43,8.61,7.88,5,4.44,3.33,4.26,8.72,9.64,7.36,8.57,6.21,10,10,10,7.56,5.85,7.89,9.33,7.02,7.53,5,4.44,3.33,0,10,5,5,2.5,7.9,7.7,9.71,2.27,8,8,8,7.63,5.41,3.51,5.19,5.83,6.06,3.67,7.24,2.74,9.34,9.13,8.78,10,6.83,7.36,4.93,6.37,3.84,5.49,4.66,10,6,3.85,0,5.54,3.85,10,7.42,10,9.14,7.08,5.65,6.64,8,6.3,10,5.01,6.95,4.78,4.22,6.92,6.49,5.6,3.29,8.32,5.22,5.61
"Korea, Rep.",7.83,9.85,10,10,7.5,10,10,9.44,9.57,9.5,8.54,9.82,9.91,9.42,3.33,9.86,10,9.93,9.85,6.8,10,6.67,6.67,7.78,9.65,9.54,9.73,9.64,9.61,10,10,10,7.67,7.93,9.41,7.94,7.11,8.01,7.5,7.78,6.67,10,10,10,10,10,10,3.46,5.84,9.79,5,5,5,7.35,6.11,6.1,8.35,6.67,8.16,7.09,8.22,7.6,9.24,9.43,9.5,10,9.65,7.28,0,5.64,6.96,9.58,8.27,10,8.75,6.15,0,7.31,5.55,8,9.92,10,9.31,6.53,3.76,6.31,10,2.52,0,3.55,4.67,3.76,8.67,8.71,7.77,7.23,7.51,9.99,6.47,7.99
"Kuwait",5.84,9.93,10,10,7.5,10,10,5.09,8.43,8.72,9.21,9.06,6.92,8.39,6.67,6.62,3.33,4.98,6.94,4.03,2.5,3.33,3.33,3.06,0.8,4.73,6.84,2.76,5.88,10,10,10,5.37,4.88,4.72,6.67,5.29,5.38,2.5,3.33,3.33,0,10,5,2.5,0,10,0.84,6.9,6.46,10,10,10,5.39,6.02,5.13,6.61,8.33,6.81,5.03,9.51,8.3,9.58,3.89,9.32,10,9.38,9.08,7.92,8.79,6.35,4.1,5.23,10,7.25,3.85,5.64,5.32,5.51,10,10,10,10,7.5,4.69,6.35,4,4.39,3,5.02,4.99,4.83,2.44,5.88,6.95,5.02,5.46,9.23,3.75,6.15
"Kyrgyz Republic",5.59,9.36,10,7.7,2.5,10,9.87,2.94,9.07,7.44,8.63,9.26,7.33,8.41,3.33,8.07,6.67,7.37,6.61,5.68,2.5,5.56,3.33,3.8,9.69,9.29,7.75,8.91,6.17,10,0,5,5.58,4.82,6.01,8.72,6.9,6.41,5,4.44,3.33,10,10,10,10,7.5,10,6.64,7.3,5.68,10,7,8.5,7.1,4.53,2.59,3.69,4.17,5.7,3.51,9.87,4.38,8.13,7.42,7.62,10,7.88,8.7,7.89,8.16,6.3,6.05,6.18,10,6.43,1.54,8.52,3.48,4.99,8,10,9,9,6.25,7.63,7.39,10,7.76,1,4.9,6.42,3.92,3.56,6.2,6.27,4.98,5.54,8.19,6.25,6.66
"Lao PDR",3.58,7.96,10,10,7.5,10,10,1.71,1.39,7.23,4.11,5.77,5.9,5.26,3.33,5.12,3.33,4.22,4.66,1.52,0,0,3.33,1.11,2,0.19,0.64,0.94,3.13,10,10,10,0.97,0.61,0.87,4.55,0.65,1.53,0,1.11,0,10,10,10,7.5,7.5,10,5.55,9.69,7.38,9,9,9,3.06,5.01,3.12,3.06,4.17,3.12,1.54,8.45,6.44,6.35,9.46,9.25,5,9.02,8.28,7.25,8.18,6.51,7.45,6.98,10,1,1.54,0,5.04,1.89,5,8.25,10,9.13,5.28,3.01,6.61,10,1.02,1,4.34,4.47,4.38,3.56,3.47,2.97,3.59,3.74,9.41,2.69,5.28
"Latvia",8.21,9.12,10,10,10,10,10,9.65,9.38,9.86,9.63,9.8,9.88,9.77,6.67,9.66,10,9.83,9.6,9.17,10,10,10,10,9.48,9.22,9.69,9.46,9.67,10,10,10,9.35,7.21,9.4,9.8,7.9,8.73,7.5,8.89,6.67,10,10,10,10,10,10,3.96,4.87,7.63,7,4,5.5,8.07,6.95,4.52,6.84,8.33,8.33,6.51,9.03,6.85,7.53,8.99,9.34,10,8.6,8.98,6.61,8.06,7.92,9.42,8.67,10,8.75,6.92,8.85,7.04,7.89,10,6.69,8,8.23,5,6.38,8.03,10,7.76,10,5.93,7.59,4.25,8.44,9.14,7.81,7.41,8.08,7.79,7.5,7.79
"Lebanon",5.51,9.34,5,10,2.5,7,9.84,5.42,6.44,6.6,9.18,8.21,6.21,7.87,3.33,8.65,6.67,7.66,9.27,7.89,7.5,6.67,6.67,6.94,9.26,9.81,6.47,8.51,7.39,4.69,6.43,5.56,5.76,4.73,5.32,9.43,6.6,6.37,5,5.56,3.33,0,10,5,0,2.5,10,10,8.16,10,10,8,9,5.19,4.4,2.58,3.79,3.33,4.43,1.77,7.33,2.51,9.88,0,0,10,9.59,8.8,5.1,7.83,4.94,3.12,4.03,0,2.54,1.54,0,5.02,2.28,10,0,10,6.67,5.28,7.5,6.4,8,10,10,4.87,7.44,3.55,0.67,3.53,5.24,3.25,3.05,6.4,2.39,3.95
"Lesotho",6.46,0,10,10,5,10,10,7.5,7.17,8.52,8.67,9.03,8.68,8.79,3.33,9.29,10,9.64,9.66,8.34,5,6.67,10,7.22,9.52,9.74,9.29,9.51,7.7,10,10,10,8.24,4.74,6.03,9.48,7.44,7.19,5,4.44,3.33,10,10,10,5,5,10,1.83,8.29,0.02,8,8,8,7.88,6.07,4,3.58,4.17,6.64,1.96,6.49,4.65,8.46,9.1,8.79,5,7.52,8.46,5.69,7.22,2.93,9.81,6.37,10,2.07,1.54,0,2.08,1.42,10,10,10,10,3.33,3.27,4.37,8,6.55,10,2.1,5.37,4.45,4,5.63,3.17,4.31,2.99,7.91,0,3.63
"Liberia",6.5,9.06,10,10,7.5,10,10,7.62,8.08,9.03,9.83,9.75,9.25,9.61,3.33,8.39,6.67,7.53,9.31,9.09,5,6.67,10,7.22,9.61,9.64,8.74,9.33,9.03,10,10,10,8.95,5.59,5.9,8.64,8.48,7.51,5,7.78,6.67,0,0,0,2.5,5,6.82,2.25,8.64,4.11,9,7,8,7.07,5.44,2.56,3.61,5,4.42,1.44,4.8,2.43,9.86,7.98,8.44,10,6.43,7.58,7.05,7.02,3.64,0,1.82,10,4.83,8.46,0,2.89,4.05,8,0,9,5.67,3.33,1.55,5.87,8,3.09,10,2.7,4.78,3.24,2.89,4.78,4.22,3.78,2.96,9.46,0,4.14
"Libya",2.92,9.27,10,10,0,7.26,8.13,1.96,1.85,5.6,5.26,5.27,5.13,5.22,3.33,2.51,3.33,2.92,6.61,7.99,2.5,2.22,3.33,2.69,7.86,8.16,7.22,7.74,7.85,1.17,10,5.58,2.79,3.99,6.42,8.66,6.45,5.66,2.5,2.22,3.33,0,0,0,7.5,7.5,10,0,5.72,0,10,9,9.5,5.43,4.41,1.67,1.64,5,5.25,1.81,6.8575,0.84,9.31,0,9.26,10,7.905,8.96,8.75,8.86,2.94,4.26,3.6,8.21,3.32,0,0,2.63,1.49,5,10,4,7,4.87,3.44,5.87,8,4.39,10,5,5.95,4.72,0,0.72,1.27,1.68,4.01,7.85,1.25,2.63
"Lithuania",7.41,9.25,10,10,10,10,10,8.44,9.72,9.74,9.45,9,9.55,9.33,6.67,8.94,10,9.47,9.82,7.45,10,10,6.67,8.89,9.66,9,9.17,9.28,9.36,10,10,10,8.05,8.02,8.98,9.88,8.81,8.75,7.5,8.89,6.67,10,10,10,7.5,10,10,4.95,5.55,10,7,5,6,8.19,7.17,5.84,6.85,8.33,7.27,6.87,9.67,7.23,7.56,9.25,9.06,10,8.6,8.98,6.61,8.06,7.64,9.78,8.71,10,8.75,6.92,8.85,6.67,7.8,10,9.52,10,9.84,6.12,6.75,8.31,8,8.5,3,5.49,6.6,3.8,8.44,6.83,7.59,6.66,7.04,9.71,7.5,8.08
"Luxembourg",8.21,9.82,10,10,10,10,10,9.39,9.36,9.82,8.98,8.99,9.46,9.14,6.67,9.47,10,9.74,9.8,9.43,10,2.22,10,10,9.1,9.92,9.51,9.51,9.72,10,10,10,9.34,7.26,9.66,9.83,8.85,8.99,10,2.22,10,10,10,10,10,10,10,1,4.95,7.29,5,5,5,8.69,8.24,8.36,9.24,10,9.1,8.73,6.18,9.3,7.45,9.36,9.49,10,8.6,8.98,6.61,8.06,8.72,9.98,9.35,10,10,3.85,0,9.13,5.74,8,10,9,9,4.87,8,6.78,6,8.5,10,7.44,7.37,5.89,7.33,9.55,8.44,7.8,7.97,8.39,8.75,8.37
"Madagascar",5.47,7.77,10,10,7.5,10,10,6.25,7.22,8.71,7.65,8.79,8.85,8.43,3.33,8.28,6.67,7.47,9.13,9.42,5,3.33,3.33,3.89,9.21,9.86,8.42,9.16,9.01,10,10,10,6.49,4.76,6.66,9.64,4.67,6.44,5,2.22,3.33,10,10,10,2.5,7.5,10,5.09,9.56,6.57,10,7,8.5,7.08,4.16,3.09,3.29,1.67,4.36,1.48,5.15,2.5,8.55,9.34,8.84,5,7.91,7.66,7.19,7.59,4.91,5.09,5,10,3.32,0.77,0,5.18,2.32,10,5.16,6,7.05,2.5,4.81,7.22,8,7.12,1,5.19,5.12,3.13,2.89,3.74,6.47,4.06,6.11,7.69,2.92,5.57
"Malawi",7.07,9.48,10,10,5,10,10,8.32,8.46,8.82,9.6,9.78,9.27,9.55,6.67,9.28,10,9.64,9.38,7.46,7.5,7.78,6.67,7.31,9.32,9.89,7.59,8.93,8.33,10,10,10,8.15,5.86,7.39,9.35,7.8,7.71,5,6.67,6.67,0,0,0,7.5,5,10,8.85,9.46,1.31,7,4,5.5,7.43,5.77,3.32,3.36,5.83,6.49,2.42,8.55,3.62,7.25,9.12,8.13,5,8.45,7.56,6,7.34,4.87,5.02,4.94,5.49,2.42,0.77,0,4.26,1.86,10,4.03,6,6.68,4.05,4.78,6.89,10,5.68,10,4.23,6.52,4.4,4,7.13,6.55,5.52,3.99,8.41,2.5,4.97
"Malaysia",5.86,9.79,5,10,10,10,10,6.16,8.79,8.56,7.27,9.47,9.25,8.66,3.33,5.82,6.67,6.24,6.85,6.11,5,3.33,6.67,5,8.51,9.66,7.65,8.61,7.13,10,10,10,4.1,4.95,4.7,8.05,5.79,5.52,5,4.44,6.67,0,0,0,0,5,10,6.47,8.22,7.87,9,9,9,4.81,6.29,6.25,7.51,7.5,6.24,5.49,8.63,7.44,4.22,8.9,9.5,10,9.85,8.88,4.56,7.76,7.2,8.54,7.87,10,5.84,0.77,0,7.09,3.42,10,7.55,9,8.85,8.75,4.62,7.33,10,4.24,10,5.65,7.23,6.67,9.56,4.16,7.77,7.04,6.08,10,5,7.03
"Mali",5.5,6.83,0,0,2.5,0,0,5.93,7.19,2.23,8.51,9.43,8.92,8.95,3.33,7.3,10,8.65,9.45,8.41,5,5.56,3.33,4.63,9.59,9.08,8.75,9.14,7.46,10,7.58,8.79,8.36,5.72,6.71,7.08,5.91,6.75,5,5.56,3.33,10,10,10,5,5,1.14,6.45,9.67,5.11,5,2,3.5,7.6,4.87,2.53,4.33,3.33,5.19,2.57,5.8,3.23,8.74,9.71,9.21,0,8.21,7.58,7.05,7.61,4.78,5.3,5.04,10,3.32,0.77,0,4.7,2.2,10,8.11,5,7.7,5.28,6.28,5.45,8,7.57,0,4.94,5.36,4.01,3.11,4.14,5.95,4.3,6.01,8.88,5,6.63
"Malta",7.21,9.89,10,10,10,10,10,8.45,9.23,9.67,9.74,9.15,9.01,9.3,6.67,9.38,10,9.69,9.77,9.32,10,2.22,10,10,9.79,9.82,9.7,9.77,9.16,0,10,5,7.74,5.15,7.61,9.87,6.52,7.38,7.5,2.22,6.67,10,10,10,7.5,10,10,2.2,6.28,10,7,7,7,6.8,6.81,6.07,8.41,10,7.76,5.18,5.24,6.39,7.64,9.85,9.7,10,8.6,8.98,6.61,8.06,8.53,8.92,8.72,10,10,7.69,0,8.54,6.56,10,7.33,10,9.11,6.12,7.5,7.32,8,10,10,6.77,7.96,4.79,6.67,6.35,7.97,6.44,7.32,8,7.5,7.6
"Mauritania",4.5,7.11,10,10,5,10,10,2.45,8.54,8,7.44,9.1,8.33,8.29,3.33,1.49,6.67,4.08,8.8,5.92,2.5,6.67,6.67,5.28,7.55,7.05,5.32,6.64,7,10,0,5,5.43,4.58,6.23,8.38,6.21,6.17,5,5.56,3.33,0,0,0,0,0,3.34,5.07,0,10,5,5,5,7,3.74,3.25,3.8,4.17,3.75,4.59,7.59,4.37,9.13,8.4,9.29,5,7.905,7.6,7.02,7.31,4.15,5.57,4.86,10,3.32,2.31,0,4.27,2.47,10,10,9,9.67,4.03,5.22,6.02,8,7.94,5,4.7,5.85,2.54,3.33,2.55,4.74,3.29,4.91,9.21,2.5,5.54
"Mauritius",6.28,9.24,10,10,10,10,10,8.65,6.2,9.26,7.9,9.76,7.99,8.55,6.67,9.25,6.67,7.96,9.58,8.86,10,8.89,10,9.63,9.87,9.83,7.58,9.09,8.24,10,10,10,5.92,6.22,2.86,9.23,7.65,6.38,7.5,6.67,6.67,0,0,0,2.5,5,10,6.23,7.01,8.26,10,9,9.5,7.55,6.87,6.64,7.35,4.17,6.93,5.35,9.48,6.82,8.62,9.59,9.19,10,9.82,9.84,8.56,9.41,8.25,8.54,8.4,10,7.25,4.62,0,7.01,4.72,8,0,10,6,7.08,6.75,6.24,10,8.5,10,5.3,7.7,5.02,8.44,4.47,6.72,6.16,8.09,9.36,5,7.48
"Mexico",5.41,1.81,0,10,7.5,9.83,9.99,3.5,6.69,6.79,9.65,8.91,9.72,9.43,3.33,8.76,10,9.38,8.92,6.83,7.5,6.67,10,8.06,8.94,9.81,7.28,8.68,7.06,2.49,10,6.24,7.2,4.31,4.3,9.86,6.51,6.44,5,4.44,6.67,10,10,10,0,7.5,10,7.21,8.35,10,8,8,8,7.19,4.56,4.5,5.09,5,3.73,4.21,7.33,1.24,8.81,9.51,8.86,5,9.78,8.58,6.45,8.27,8.05,8.46,8.26,10,8.5,1.54,7.19,6.72,5.99,8,7.45,9,8.15,7.08,4.91,7,8,4.82,3,6.58,5.91,3.11,3.56,4.19,4.9,3.94,6.14,9.56,6.25,7.32
"Moldova",6.73,8.87,10,10,5,10,10,7.59,8.84,8.78,8.07,9.44,9.2,8.9,6.67,9.26,6.67,7.96,9.05,7.88,7.5,7.78,6.67,7.31,9.74,9.91,9.54,9.73,9.26,10,10,10,7.98,7.08,7.76,9.34,8.23,8.08,5,6.67,6.67,10,10,10,10,10,10,6.81,6.54,10,10,7,8.5,7.35,4.95,4.13,4.93,6.67,6.82,4.66,9.57,5.96,8.64,9.51,8.98,5,9.3,8.92,7.58,8.6,5.56,8.79,7.18,10,3.32,0.77,10,4.92,4.75,10,8.86,10,9.62,4.03,5.89,7.58,6,6.79,3,5.07,5.48,4.02,6.22,6.25,6.47,5.74,5.58,6.38,2.5,4.82
"Mongolia",6.59,8.21,10,10,10,10,10,6.65,9.78,9.49,8.88,9.41,9.19,9.16,3.33,8.64,6.67,7.65,9.46,7.59,10,8.89,10,9.63,9.75,9.62,8.75,9.37,6.87,10,10,10,7.71,5.88,8.6,9.05,6.57,7.56,7.5,5.56,6.67,10,10,10,7.5,10,10,5.31,4.81,6.89,10,7,8.5,7.21,5.34,3.9,3.68,8.33,6.14,6.88,9.11,5.03,7.99,8.44,8.53,10,8.79,8.96,8.98,8.91,6.24,2.59,4.42,10,6.35,6.15,2.77,4.79,5.01,5,6.37,9,7.68,6.95,7.75,7.79,6,9.25,3,4.46,6.46,3.01,6,6.96,6.75,5.68,5.53,8.68,7.5,7.24
"Montenegro",6.41,9.31,10,10,7.5,10,10,8.29,9.18,9.28,9.66,7.31,6.1,7.69,6.67,8.12,6.67,7.39,7.85,8.27,7.5,7.78,6.67,7.31,9.57,9.85,9.18,9.53,8.39,10,10,10,6.5,5.36,7.3,9.65,7.27,7.21,7.5,5.56,6.67,10,10,10,10,7.5,10,5.51,5.72,5.18,10,5,7.5,7.57,5.98,4.74,5.28,4.17,6.65,3.65,7.68,6.69,9.76,9.18,9.52,10,7.8,9.26,7.9,8.32,7.86,9.29,8.58,10,2.5,6.92,9.62,6.54,6.4,10,8.49,10,9.5,7.08,7.63,6.47,10,7.76,10,6.46,7.91,5,6.67,5.05,5.82,5.63,8.03,9.25,8.75,8.67
"Morocco",5.88,9.44,10,10,5,10,10,5.53,8.67,8.46,8.99,9.39,5.67,8.02,3.33,3.87,3.33,3.6,3.08,4.04,2.5,2.22,6.67,3.8,8.46,9.41,7.06,8.31,4.24,10,0,5,5.83,5.32,3.92,8.02,5.06,5.63,2.5,1.11,3.33,0,0,0,2.5,0,10,4.76,7.72,9.59,5,3,4,6.71,5.74,4.43,5.04,6.67,6.15,4.23,7.52,7.79,9.53,9.59,9.72,0,9.15,7.16,2.33,6.21,7.12,8.08,7.6,10,3.32,0.77,0,5.86,2.49,8,7.94,10,8.65,1.8,3.89,7.26,8,5.29,3,5.27,4.93,5.23,6,3.77,6.63,5.41,6.17,9.97,5,7.05
"Mozambique",5.15,9.01,10,2.75,5,0,7.31,5.01,4.81,4.98,8.63,8.78,7.58,8.33,6.67,8.89,6.67,7.78,9.62,6.81,5,3.33,6.67,5,8.64,9.36,8.15,8.72,5.8,10,10,10,4.83,4.7,4.15,9.08,7.3,6.01,5,3.33,3.33,10,10,10,10,7.5,10,5.38,9.37,8.44,7,5,6,5.27,4.5,3.25,3.37,7.5,5.38,1.81,7.54,3.65,8.9,8.23,8.86,0,8.92,7.94,7.03,7.97,4.54,7.4,5.97,10,2.42,0,0,5.28,1.93,10,9.92,9,9.64,4.17,1.25,5.44,6,0,0,3.17,2.86,3.3,3.78,4.4,6.38,4.46,5.83,8.98,3.75,6.19
"Myanmar",2.55,1.73,5,0,0,8.72,8.71,0.42,1.13,3.43,2.62,4.04,3.77,3.48,0,4.43,3.33,3.88,2.97,1.37,0,3.33,0,1.11,4.13,6.88,5.27,5.43,2.1,8.34,0,4.17,0.78,1.79,0.12,1.02,1.9,1.12,2.5,3.33,0,0,10,5,2.5,7.5,10,2.98,9.89,6.59,9,9,9,3.68,3.35,2.11,2.56,2.5,4.03,0.94,7.36,2.8,8.52,9.38,8.73,0,9.51,8.7,7.35,8.52,2.49,0.89,1.69,10,1.53,0.77,0,2.35,1.16,0,8.69,9,5.9,8.2,5.76,5.87,8,4.01,0,0,4.33,4.95,6.44,1.84,7.17,5.1,5.53,9.48,1.25,5.42
"Namibia",7.03,6.38,10,10,7.5,10,10,7.19,9.35,9.15,9.58,9.53,9.38,9.5,6.67,9.76,10,9.88,9.79,9.2,7.5,8.89,10,8.8,8.92,9.5,8.4,8.94,9.55,10,10,10,8.58,5.84,6.77,9.66,7.72,7.71,7.5,7.78,10,0,10,5,7.5,7.5,10,4.34,8.71,10,6,6,6,6.61,6.83,5.84,4.62,10,7.67,3.66,4.63,3.97,8.68,8.86,9.28,0,3.07,8.46,5.6,5.71,5.2,5.27,5.24,10,3.32,0.77,0,3.08,1.79,10,0,10,6.67,5,4.14,6.15,10,8.27,10,2.11,6.52,4.8,4.22,8.9,3.31,5.31,2.67,8.31,0,3.66
"Nepal",6.04,9.33,10,10,7.5,9.94,9.79,7.08,6.97,8.76,8.38,9.58,7.29,8.42,3.33,7.41,6.67,7.04,9.22,7.85,7.5,6.67,6.67,6.94,9.47,9.94,9.56,9.65,8.35,10,9.16,9.58,6.81,6.18,7.41,9.01,6.81,7.24,5,7.78,3.33,10,10,10,0,7.5,10,9.09,8.08,8.23,5,5,5,7.77,5.16,3.91,4.8,4.17,6.78,1.67,7.98,5.05,8.07,9.27,9.18,0,3.64,7.46,3.19,4.76,2.43,7.94,5.19,10,2.93,0,0,3.21,1.54,8,10,10,9.33,5.83,3.8,5.6,10,2.6,10,4.62,6.07,3.55,6.89,6.26,4.14,5.21,5.39,8.98,7.5,7.29
"Netherlands",7.98,9.81,10,10,10,10,9.95,9.72,9.51,9.88,9.29,9.32,9.39,9.33,6.67,9.78,10,9.89,9.72,8.51,10,2.22,10,10,9.61,9.89,9.79,9.76,9.59,8.31,10,9.15,8.27,7.45,9.45,9.91,7.76,8.57,10,2.22,10,10,10,10,7.5,10,10,0.44,2.55,9.71,4,4,4,7.78,8.15,8.68,9.24,10,9.26,7.71,7.95,8.14,7.19,9.73,9.46,10,8.6,8.98,6.61,8.06,8.11,9.98,9.04,10,10,8.46,0,8.71,6.79,5,9.09,10,8.03,5.83,6.27,5.18,10,7.53,10,6.91,7.39,5.66,6.44,8.61,6.83,6.89,8.09,8.29,8.75,8.37
"New Zealand",8.19,9.24,10,10,10,10,10,9.68,9.84,9.93,7.71,9.93,9.92,9.19,6.67,9.88,10,9.94,9.85,9.22,10,2.22,10,10,9.81,9.83,9.76,9.8,9.65,10,10,10,8.21,7.52,9.02,9.89,7.89,8.51,10,2.22,10,10,10,10,10,10,10,3.75,5.66,7.92,6,6,6,7.4,8.55,8.83,9.05,10,8.7,8.32,9.9,9.34,9.3,9.17,9.21,10,8.55,9.62,8.96,9.04,8.72,8.74,8.73,10,10,6.92,0,8.45,6.34,10,9.03,9,9.34,8.2,8.75,7.62,10,10,10,6.88,8.78,5.19,8.44,9.12,9.22,7.99,10,9.4,9.73,9.71
"Nicaragua",3.46,6.8,10,10,2.5,9.76,10,0.92,1.93,6.44,2.82,5.86,7.43,5.37,3.33,7.49,3.33,5.41,4.85,1.01,0,1.11,3.33,1.48,5.66,7.43,3.66,5.58,0.9,5.41,2.86,4.13,0.84,2.23,0.53,1.16,4.64,1.88,0,3.33,3.33,10,10,10,10,10,10,7.06,9.75,2.73,8,3,5.5,5.74,2.96,1.8,3.29,3.33,2.29,3.5,6.97,3.8,9.77,9.57,9.01,10,9.58,8.86,7.08,8.51,7.12,6.07,6.6,10,7.5,5.38,0,4.38,4.32,10,9.63,9,9.54,5.83,5.63,5.53,2,6.26,10,4.96,5.74,3.32,3.56,2,5.12,3.5,3.93,7.24,4.72,5.3
"Niger",6.43,8.71,10,8.83,2.5,0,5.69,7.53,8.11,6.09,8.58,9.46,8.98,9.01,6.67,8.28,10,9.14,7.9,7.78,5,5.56,6.67,5.74,9.18,9.71,8.74,9.21,8.13,10,8.87,9.43,8.27,6.08,6.97,8.23,6.68,7.24,5,5.56,3.33,10,10,10,0,0,9.8,6.06,9.84,4.69,7,3,5,6.99,5.58,4.69,3.41,3.33,4.85,5.11,7.32,4.42,9.9,9.49,9.23,0,3.82,7.58,7.05,6.15,5,4.38,4.69,10,3.32,0.77,0,2.5,1.65,10,6.63,5,7.21,3.33,4.94,5.87,8,7.38,0,5,4.78,5.56,4.44,6.78,5.54,5.58,6.76,9.26,5,7.01
"Nigeria",5.86,3.68,10,0,2.5,0,6.62,4.37,5.68,4.17,8.8,9.18,9.53,9.17,3.33,7.98,3.33,5.66,8.49,7.05,2.5,5.56,3.33,3.8,9.5,9.52,7.92,8.98,6.55,9.7,9.64,9.67,8.06,4.62,6.55,8.03,8.5,7.15,5,4.44,6.67,0,0,0,5,2.5,8.05,9.53,9.87,10,9,5,7,7.22,4.93,3.18,3.53,3.33,4.37,3.84,4.55,2.45,9.13,9.51,6.61,10,7.905,7.58,7.05,7.31,4.4,0.57,2.49,8.62,4,5.38,0,5.09,3.62,10,7.46,10,9.15,8.75,7.5,7.72,10,10,10,5.44,8.49,2.85,3.11,3.5,4.33,3.45,4.09,9.2,4.72,6
"North Macedonia",6.3,9.67,10,10,7.5,10,10,7.01,9.31,9.12,9.03,9.52,9,9.18,6.67,8.7,6.67,7.68,8.8,8.1,7.5,8.89,10,8.8,8,9.92,7.91,8.61,9.55,10,10,10,7.9,5.6,6.94,9.8,5.12,7.07,7.5,6.67,6.67,10,10,10,10,7.5,10,6.14,3.75,8.44,10,7,8.5,7.84,3.65,3.21,4.65,4.17,5.37,3.22,8.38,5.7,9.02,9.4,9.35,5,9.59,8.66,6.54,8.26,3.73,9.61,6.67,10,5.16,3.08,8.74,6.79,5.94,10,8.15,10,9.38,7.37,7.44,5.74,8,7.38,10,5.94,7.41,3.31,8.22,4.43,8.08,6.01,6.97,9.43,7.5,7.97
"Norway",7.92,9.84,10,10,10,10,10,9.67,9.85,9.93,7.14,9.14,8.42,8.23,6.67,9.88,10,9.94,9.28,9.6,10,2.22,10,10,9.65,9.87,9.38,9.63,9.76,10,10,10,9.69,8.63,9.6,9.89,9.31,9.42,10,2.22,10,10,10,10,7.5,10,10,0.74,4.82,7.74,6,3,4.5,7.04,8.46,8.7,8.97,10,9.55,8.2,9.12,8.99,9.16,6.85,9.3,10,9.89,8.82,0,6.24,7.71,9.85,8.78,10,10,4.62,8.85,8.33,7.95,10,10,5,8.33,6.12,7.5,4.73,6,10,0,6.43,5.83,4.75,7.11,9.59,7.68,7.28,8.09,9.13,6.25,7.82
"Oman",5.51,9.93,10,10,7.5,10,10,5.76,7.88,8.73,8,8.84,5.73,7.52,3.33,6.44,3.33,4.88,5.57,1.91,2.5,1.11,3.33,2.31,0.72,2,6.84,1.36,2.91,10,10,10,3.38,2.21,2.01,3.61,1.32,2.51,2.5,0,3.33,0,0,0,0,0,10,1.96,8.13,0,10,10,10,4.96,6.12,6.34,6.35,8.33,6.98,5.02,7.69,9.28,9.4,5.65,9.69,10,9.63,8.88,5.23,7.91,6.4,8.56,7.48,10,8.75,5.38,0,5.13,4.82,10,0,7,5.67,6.95,6.25,7.15,2,4.82,10,4.41,6.13,5.66,5.56,6.4,8.37,6.5,6.83,8.88,4.71,6.81
"Pakistan",4.13,8.84,0,9.08,2.5,7.67,7.49,2.95,4.84,4.93,6.19,7.83,5.23,6.42,3.33,3.24,3.33,3.28,8.19,6.79,7.5,2.22,3.33,4.35,8.43,8.46,6.45,7.78,6.07,9.05,9.65,9.35,3.62,2.77,4.45,4.83,4.47,4.03,2.5,2.22,3.33,0,10,5,2.5,0,10,8.35,9.22,9.37,7,7,7,7.28,5.37,3.22,4.81,2.5,4.73,3.17,6.64,3.62,8.83,8.55,8.1,0,7.93,7.76,5.43,7.04,3.74,4.33,4.04,10,3.32,0.77,0,6.22,2.58,8,5.27,10,7.76,3.05,2.55,5.48,6,2.6,10,5.04,4.96,4.65,5.33,2.42,4.66,4.27,4.54,8.87,4.71,6.04
"Panama",6.69,6.3,10,10,7.5,10,10,7.94,9.47,9.27,9,8.53,9.66,9.06,3.33,9.61,6.67,8.14,9.83,8.21,10,6.67,10,8.89,9.78,9.91,9.33,9.67,8.77,10,10,10,9.28,6.15,5.86,9.87,6.24,7.48,7.5,6.67,6.67,10,10,10,10,10,10,4.75,9.14,10,9,4,6.5,7.65,4.67,4.78,6.67,8.33,5.38,3.85,8.82,5.23,8.45,9.33,9.67,10,9.64,8.98,6.21,8.28,6.69,8.9,7.79,10,10,10,0,7.6,6.9,8,6.17,10,8.06,3.62,4.56,5.99,4,4.13,10,4.61,5.27,3.95,5.56,6.65,3.96,5.03,8.06,9.2,6.25,7.84
"Papua New Guinea",5.86,7.09,10,10,7.5,10,10,6.38,8.3,8.88,7.96,9.86,8.04,8.62,3.33,9.26,10,9.63,9.83,9.06,7.5,7.78,6.67,7.31,9.1,9.84,8.68,9.21,9.09,10,10,10,7.85,5.12,6.7,9.79,7.54,7.4,7.5,7.78,6.67,0,10,5,5,5,10,3.54,8.04,7.52,5,5,5,6.11,6.46,5.81,2.77,7.5,5.43,3.01,6.93,0.37,9.42,8.32,9.1,0,6.61,9.16,5.72,7.16,5,6.25,5.63,10,4,7.69,0,5,4.17,10,4.57,9,7.86,7.63,7.25,5.87,10,7.01,10,5,7.82,4.37,2.89,3.52,6.34,4.28,5.87,7.38,3.75,5.67
"Paraguay",6.13,7.72,10,10,5,9.75,10,7.9,8.22,8.7,8.88,9.06,8.76,8.9,3.33,9.69,6.67,8.18,9.4,8.08,7.5,7.78,10,8.43,8.8,9.94,8.09,8.94,7.92,1.51,10,5.75,8.31,4.66,7.96,9.58,4.97,7.1,5,5.56,6.67,10,10,10,5,5,10,6.88,8.94,7.48,10,7,8.5,8.2,4.53,3.34,5.13,2.5,4.8,3.29,8.54,2.67,8.8,9.18,9.04,10,9.13,8.08,6.77,8,5.44,5.96,5.7,10,6.35,3.08,0,6.87,4.07,8,8.47,9,8.49,6.53,3.8,6.76,6,2.6,3,7.54,5.18,4.28,4.44,5.01,5.38,4.78,7.08,8.94,7.5,7.84
"Peru",6.37,8.34,10,10,7.5,10,9.92,7.49,9.34,9.18,9.52,8.43,8.3,8.75,3.33,9.67,10,9.84,9.68,8.65,7.5,7.78,6.67,7.31,9.24,9.83,9.68,9.58,9.35,10,10,10,7.52,5.28,7.63,9.28,9.16,7.77,7.5,7.78,6.67,10,10,10,2.5,7.5,10,6.25,9.48,7.78,8,3,5.5,9.03,5.05,3.29,5.59,5.83,5.87,3.95,8.54,3.72,9.72,8.91,9.15,10,9.75,9.52,8.43,9.23,7.75,6.65,7.2,10,10,8.46,0,6.51,6.24,8,8.76,9,8.59,5.28,4.77,7.51,10,7.04,10,6.36,7.28,2.55,6.44,5.9,4.79,4.92,6.02,8.68,8.75,7.82
"Philippines",5.11,8.72,5,8.72,2.5,5.88,7.65,3.11,2.62,5.07,6.91,9.05,8.81,8.25,6.67,7.91,6.67,7.29,7.77,7.55,5,5.56,3.33,4.63,8.79,7.98,7.47,8.08,5.93,6.73,9.56,8.14,4.67,2.94,4.68,8.95,5.64,5.38,2.5,3.33,3.33,10,10,10,0,5,10,6.73,8.57,8.83,8,7,7.5,7.91,4.93,3.57,6.66,4.17,4.73,4.46,7.93,2.92,9.28,9.56,9.21,10,6.57,8.78,7.27,7.54,6.75,5.09,5.92,10,4.73,0.77,0,5.2,2.67,8,7.71,10,8.57,6.38,5.01,6.99,10,2.52,10,6.34,6.75,3.32,5.11,3.52,6.54,4.62,5.92,8.96,4.71,6.53
"Poland",6.48,9.79,10,10,7.5,10,10,7.16,9.26,9.13,9.27,9.34,9.26,9.29,6.67,8.84,6.67,7.75,9.36,6.47,7.5,7.78,6.67,7.31,9.74,9.51,9.43,9.56,7.09,10,10,10,5.74,5.39,3.45,9.7,4.7,5.8,7.5,5.56,6.67,10,10,10,10,10,10,4.41,4.89,7.37,7,4,5.5,6.63,4.39,5.55,6.32,10,6.15,4.71,7.35,6.55,8.99,9.37,8.99,5,8.6,8.98,6.61,8.06,7.02,9.98,8.5,10,7.25,2.31,8.85,8.13,6.63,5,9.06,10,8.02,5.28,6.38,7.43,8,7.76,10,5.87,7.24,3.14,8,6.17,5.63,5.73,7.17,8.68,6.25,7.37
"Portugal",7.28,9.77,10,10,10,10,10,7.66,9.36,9.57,8.84,9.91,9.38,9.38,3.33,9.79,10,9.9,9.88,8.6,7.5,2.22,10,8.75,9.82,9.16,9.77,9.58,9.76,10,10,10,9.1,8.25,9.67,9.93,9.73,9.34,10,2.22,10,10,10,10,10,10,10,5.04,4.17,10,4,1,2.5,8.47,7.11,5.91,8.27,10,8.1,4.48,7.41,7.74,7.01,9.92,9.75,10,8.6,8.98,6.61,8.06,7.42,9.98,8.7,10,10,6.15,0,8.54,6.17,5,8.46,9,7.49,3.62,6.02,6.05,6,7.04,10,7.03,6.54,3.48,6.89,7.17,6.14,5.92,8.07,8.31,6.25,7.54
"Qatar",4.63,9.9,10,10,10,10,10,6.37,8.68,9.29,6.55,7.31,2.9,5.59,3.33,2.07,3.33,2.7,5.44,1.68,2.5,1.11,0,1.2,0.13,3.19,6.84,1.66,4.28,10,10,10,2.17,1.85,1.98,5.98,0.73,2.54,2.5,3.33,3.33,0,0,0,0,0,10,0,9.61,5.68,10,10,10,4.14,6.01,6.49,6.61,6.67,6.81,4.93,9.88,8.96,9.67,4.07,9.54,10,9.31,0,6.76,5.36,7.07,7.47,7.27,10,8.75,4.62,0,7.92,5.32,5,10,5,6.67,7.5,4.28,7.4,4,4.82,3,5.89,5.27,6.61,7.11,5.78,8.52,7,6.16,9.49,2.71,6.12
"Romania",6.58,9.63,10,10,10,10,10,7.92,9.77,9.67,8.62,8.6,8.95,8.72,3.33,8.06,6.67,7.36,9.73,8.04,10,8.89,6.67,8.52,9.54,8.53,9.51,9.19,9.56,10,10,10,8.11,6.32,8.49,9.91,7.63,8.09,7.5,6.67,6.67,10,10,10,7.5,10,10,5.33,6.37,8.74,10,4,7,7.3,6.11,5.33,6.79,8.33,6.31,5.02,9.3,7.05,8.68,9.52,8.99,10,8.6,8.98,6.61,8.06,7.3,9.97,8.63,10,8.45,3.85,8.85,6.88,7.01,8,6.26,10,8.09,4.45,8.75,6.93,8,10,10,6.99,7.87,3.33,5.56,6.52,7.84,5.81,6.09,6.67,6.25,6.34
"Russian Federation",4.87,8.02,0,10,5,9.93,9.93,3.15,2.94,5.85,7.73,9.31,8.79,8.61,3.33,6.18,3.33,4.76,5.03,2.45,0,2.22,3.33,1.85,5.7,8.58,5.24,6.51,3.48,9.59,3.04,6.31,2.79,3.16,0.63,6.3,3.66,3.31,0,3.33,3.33,10,10,10,10,10,10,4.06,5.3,8.02,10,5,7.5,4.72,4.16,3.49,4.44,6.67,4.34,4.22,9.7,4.72,8.44,7.55,8.66,10,6.63,8.68,6.91,7.41,4.49,6.93,5.71,10,3.95,2.31,0,2.48,2.18,5,10,7,7.33,4.42,7.41,7.82,6,8.5,3,4.33,5.92,3.7,3.33,3.39,5.36,3.95,3.97,8.23,3.13,5.11
"Rwanda",4.51,8.96,5,10,7.5,9.5,9.8,1.38,1.37,6.36,3.03,7.02,6.86,5.64,3.33,7.29,6.67,6.98,4.04,2.57,0,2.22,3.33,1.85,6.05,7.47,3.18,5.56,4.23,10,0,5,1.74,2.2,5.74,6.92,4.7,4.26,0,2.22,3.33,10,10,10,2.5,7.5,10,6.19,8.83,0.57,8,5,6.5,2.57,4.19,5.26,5.53,4.17,4.86,4.9,9.83,6.57,8.42,8.5,9.92,10,8.55,7.52,5.19,7.09,5.47,5.72,5.6,10,6.23,8.46,0,5.81,5.13,5,4.82,9,6.27,8.75,6,6.86,10,7.01,10,5.41,7.72,6.15,7.33,5.79,6.99,6.57,6.84,9.32,4.42,6.86
"Saudi Arabia",3.59,9.76,10,10,2.5,9.91,9.67,1.54,2.39,6.57,3.77,8.29,3.51,5.19,0,0.87,0,0.43,3,0.89,0,1.11,0,0.37,0.16,1.35,6.84,0.76,3.07,9.12,0,4.56,2.17,0.92,0.89,5.21,1.07,2.05,0,0,0,0,0,0,0,0,10,0.86,7.79,2.24,10,10,10,3.14,5.52,4.71,7.69,8.33,6.53,4.82,9.97,9.37,9.68,6.36,9.39,10,9.23,8.74,0.58,6.18,6.84,7.41,7.13,10,6.54,0.77,0,5.62,3.23,5,5.53,10,6.84,5.89,4.15,7.73,6,4.39,10,3.6,5.96,6.13,4.67,3.81,9.42,6,6.15,9.29,2.71,6.05
"Senegal",7.07,7.86,10,10,7.5,10,10,8.61,8.82,9.27,9.55,9.82,9.34,9.57,3.33,8.96,10,9.48,9.35,8.79,2.5,6.67,3.33,4.17,8.37,9.86,6.9,8.38,8.75,10,10,10,9.32,5.99,8.89,9.75,8.05,8.4,5,6.67,6.67,0,0,0,7.5,5,7.48,6.6,8.91,7.89,5,5,5,6.85,5.06,4.19,5.13,4.17,6.04,2.93,6.89,5.96,9.16,9.85,9.56,0,9.43,7.58,7.05,8.02,5.23,6.23,5.73,10,3.61,0.77,0,6.17,2.64,10,7.58,5,7.53,2.5,6.1,6.43,4,7.19,0,6.85,4.72,4.5,5.11,6.3,3.92,4.96,8.02,8.02,5,7.01
"Serbia",6.34,9.69,10,10,7.5,10,10,7.83,7.99,9.05,8.63,9.21,9.12,8.99,6.67,9.24,6.67,7.95,9.44,6.72,7.5,6.67,3.33,5.83,7.65,9.81,6.64,8.03,6.7,10,10,10,6.53,3.94,0.59,9.32,3.25,4.73,5,4.44,3.33,10,10,10,7.5,7.5,10,5.78,3.12,5.08,10,6,8,7.37,5.4,3.85,4.93,6.67,5.95,3.15,8.52,5.06,8.53,9.37,9.18,5,9.47,8.52,7.16,8.38,6.63,9.75,8.19,10,5.44,1.54,9.74,6.57,5.82,8,8.16,10,8.72,3.62,6.56,6.79,10,7.51,10,5.12,7.09,3.49,5.78,4.59,6.24,5.02,5.15,9.29,5,6.48
"Seychelles",7.11,8.63,10,10,5,10,10,7.9,7.79,9.28,7.58,9.82,9.8,9.06,6.67,8.79,10,9.39,8.72,6.87,7.5,2.22,6.67,7.08,8.71,9.84,9.02,9.19,7.96,10,10,10,8.2,7.83,5.38,7.83,6.51,7.15,7.5,2.22,6.67,10,10,10,10,10,10,0,8.49,10,8,8,8,5.4,6.38,5.73,5.6,4.17,8.19,5.13,7.08,6.18,7.8,8.4,8.05,10,9.49,9.52,5.99,8.33,7.93,5.33,6.63,10,8.75,8.46,0,6.73,5.99,5,0,10,5,6.95,6.27,5.82,8,7.53,10,6.48,7.29,5.17,5.78,7.56,8.27,6.69,6.59,9.08,8.75,8.14
"Sierra Leone",6.59,9.38,10,10,7.5,10,10,7.74,8.49,9.1,8.85,9.78,8.7,9.11,6.67,9.09,6.67,7.88,9.78,8.57,5,5.56,6.67,5.74,9.34,9.75,6.78,8.62,9.3,10,10,10,7.82,5.81,9.13,9.13,7.1,7.8,5,5.56,6.67,0,10,5,2.5,5,1.7,9.86,10,2.54,8,5,6.5,6.61,5.18,3.56,4.66,4.17,5.92,3.34,5.46,4.61,7.54,8.69,7.63,5,7.64,7.58,7.05,7.42,4.7,4.23,4.47,10,3.32,0,0,5.12,2.11,2,0,9,3.67,4.17,2.5,5.87,8,0,10,5.11,4.96,2.82,3.11,6.44,5.58,4.49,6.17,7.91,3.75,5.94
"Singapore",7.35,9.97,10,10,10,10,10,8.42,9.75,9.74,8.98,9.16,9.22,9.12,6.67,8.17,6.67,7.42,7.34,2.74,2.5,2.22,3.33,2.69,7.37,9.36,8.96,8.56,5.98,10,10,10,4.53,3.53,1.76,7.5,2.88,4.04,2.5,2.22,3.33,0,10,5,10,7.5,10,3.78,9.08,9.45,10,10,10,4,6.59,7.6,9.47,8.33,8.37,8.55,8.96,9.59,9.28,8.98,9.54,10,10,10,10,10,9.18,9.2,9.19,10,10,6.92,0,9.27,6.55,10,10,10,10,8.75,8.75,8.39,10,10,0,5.67,7.37,7.44,9.56,9.62,9.64,9.06,8.11,9.99,7.5,8.54
"Slovak Republic",7.29,9.71,10,10,7.5,10,10,8.05,8.93,9.08,8.65,9.05,9.13,8.94,6.67,8.4,6.67,7.53,9.77,7.9,10,10,10,10,9.72,9.77,9.74,9.74,8.39,4.55,10,7.27,9.52,7.08,9.33,9.87,8.74,8.91,7.5,8.89,6.67,10,10,10,10,10,10,3.73,4.6,9.57,9,2,5.5,7.68,5.49,5.1,6.59,10,6.9,4.38,9.69,5.74,7.41,9.79,9.37,10,8.6,8.98,6.61,8.06,6.8,9.98,8.39,10,8.43,3.85,5.53,8.94,6.69,10,7.09,9,8.7,5.28,7.63,6.59,8,7.76,10,5.63,7.27,2.31,7.56,7.4,6.42,5.92,6.69,6.03,6.65,6.46
"Slovenia",7.35,9.88,10,10,7.5,10,10,9.2,9.73,9.49,8.68,9.46,9.35,9.16,6.67,9.26,10,9.63,9.78,7.02,7.5,7.78,10,8.43,9.81,9.81,7.92,9.18,7.02,10,10,10,7.2,5.19,2.67,9.93,6.91,6.38,5,6.67,6.67,10,10,10,10,10,10,3.3,4.16,7.71,4,0,2,6.87,5.91,5.8,6.78,9.17,6.81,5.86,8.32,7.69,8.09,9.79,9.62,10,8.6,8.98,6.61,8.06,7.14,9.98,8.56,10,8.5,3.08,8.85,6.24,6.67,5,8.2,10,7.73,3.62,6.21,6.07,8,8.13,10,4.68,6.67,2.65,7.78,7.29,7.44,6.29,6.78,6.88,5.97,6.54
"Somalia",3.23,8.75,10,0,0,0,0,2.5,1.8,2.04,4.4,4.09,6.16,4.88,3.33,1.34,3.33,2.33,5.06,3.98,2.5,1.11,3.33,2.31,8.72,9.29,7.02,8.34,6.31,0,2.24,1.12,3.14,4.01,5.24,8.34,4.54,5.05,2.5,1.11,3.33,0,0,0,0,5,0.08,10,9.77,5.68,7,3,7,8.61,4.4,0.85,0.89,1.67,2.04,2.42,5.99,0,0,9.38,9.76,10,8.81,7.58,5.355,8.81,0,5.07,2.53,10,0,10,0,2.5,3.13,5,6.245,9,7,7.5,5.01,5.87,8,2.52,10,2.5,5.92,3.2775,0,1.94,0,0.65,4.54,7.85,7.5,6.02
"South Africa",6.73,0,10,10,5,9.8,9.95,8.31,6.64,8.53,8.91,9.57,8.72,9.07,3.33,9.71,6.67,8.19,8.94,9.2,10,7.78,10,9.26,9.83,9.92,8.44,9.4,8.01,10,10,10,8.65,5.99,7.59,9.8,7.02,7.81,7.5,7.78,6.67,10,10,10,7.5,7.5,10,4.66,7.87,5.3,5,4,4.5,7.44,6.93,5.42,5.08,8.33,5.65,5.62,6.94,2.13,8.97,9.6,9.08,5,9,8.44,4.7,7.38,6.47,4.68,5.57,10,3.61,0.77,0,6.75,2.78,10,2.63,10,7.54,5.28,6.64,4.11,8,8.27,10,4.53,6.69,3.36,4.22,6.34,7.57,5.37,5.3,8.39,3.75,5.81
"Spain",8.24,9.82,10,10,7.5,10,10,9.3,9.82,9.52,9.55,9.71,9.71,9.66,3.33,8.77,6.67,7.72,9.91,9.2,7.5,2.22,6.67,7.08,9.65,9.84,9.77,9.75,9.81,10,10,10,9.02,6.88,8.81,9.47,8.09,8.45,7.5,2.22,6.67,10,10,10,10,7.5,10,3.65,2.95,10,5,5,5,7.78,7.04,6.26,8.15,8.33,8.44,5.19,7.75,8.18,7.07,9.8,9.38,10,8.6,8.98,6.61,8.06,7.05,9.98,8.52,10,10,3.08,0,8.38,5.36,10,6.84,10,8.95,4.45,5.03,6.8,8,5.07,10,6.61,6.57,3.14,5.78,9.11,6.7,6.18,7.38,8.51,6.25,7.38
"Sri Lanka",5.68,8.99,5,10,5,10,10,4.03,6.17,7.17,7.14,8.98,8.51,8.21,6.67,7.47,6.67,7.07,8.65,4.11,7.5,5.56,3.33,5.46,9.56,9.74,8.55,9.28,3.87,10,8.9,9.45,4.41,4.71,5.3,8.08,6.48,5.8,5,6.67,6.67,0,0,0,2.5,0,10,7.93,8.83,8.49,10,10,10,6.17,5.79,5.39,4.71,5,5.9,1.81,7.59,4.97,8.79,8.9,8.6,0,6.77,8.82,5.54,7.04,5.69,6.23,5.96,4.37,3.32,0,0,5.2,2.13,5,6.76,10,7.25,7.5,2.5,6.29,8,0,10,4.78,5.58,3.38,5.78,3.83,5.53,4.63,6.16,9.52,5,6.89
"Sudan",3.16,8.5,0,9.63,0,4.12,6.91,1.21,2.19,3.44,3.25,5.24,5,4.49,3.33,4.66,3.33,4,4.93,3.66,0,5.56,3.33,2.96,6.51,7.92,6.33,6.92,3.96,10,10,10,1.97,3.93,4.03,5.3,7.05,4.45,2.5,4.44,0,0,0,0,0,0,1.34,8.41,9.42,10,8,3,5.5,3.53,3.92,2.82,2.45,1.67,3.39,1.9,8.94,0.37,0,0,0,5,5.45,5.68,3.87,5,2.5,0.92,1.71,10,5.21,6.15,0,5,4.09,5,8.03,0,4.02,5.42,3.76,5.87,8,2.52,0,2.5,3.7,3.69,4,1.22,6.49,3.85,4.05,6.76,2.71,4.51
"Suriname",6.98,8.34,10,10,7.5,10,10,8.54,8.98,9.29,9.44,9.86,9.5,9.6,3.33,9.69,10,9.85,9.8,9.5,10,2.22,6.67,8.33,9.67,9.81,8.91,9.47,9.58,10,10,10,6.55,4.58,6.9,9.62,6.2,6.77,7.5,2.22,6.67,10,10,10,2.5,5,10,6.36,8.58,7.84,3,3,3,5.56,5.95,4.4,4.38,5,5.49,1.37,4.46,4.12,6.75,0.43,0,10,8.39,7.92,6.13,7.48,5.78,6.83,6.31,10,3.32,0,0,5.25,2.14,8,8.97,5,7.32,6.53,6,5.87,10,7.01,10,5.32,7.48,2.9,1.56,5.35,5.13,3.74,4.96,7.28,7.5,6.58
"Sweden",8.88,9.64,10,10,10,10,9.83,9.78,9.88,9.93,9.6,9.81,9.66,9.69,6.67,9.86,10,9.93,9.9,9.56,10,2.22,10,10,9.9,9.46,9.71,9.69,9.86,10,10,10,9.74,7.9,9.84,9.94,8.78,9.24,10,2.22,10,10,10,10,10,10,10,0.86,4.86,8.97,2,0,1,7.97,8.22,8.04,8.77,9.17,8.52,7.41,8.45,8.17,8.77,9.81,9.57,10,8.6,8.98,6.61,8.06,7.27,9.93,8.6,10,10,3.08,8.85,8.8,7.68,10,9.98,8,9.33,6.35,8.11,4.3,6,10,5,5.7,6.49,4.59,6.89,9.75,8.07,7.32,8.06,9.01,7.5,8.19
"Switzerland",8.66,9.86,10,10,10,9.81,9.79,9.63,9.8,9.86,9.41,9.71,9.66,9.59,6.67,9.21,10,9.6,9.45,9.09,10,2.22,10,10,9.84,9.67,9.67,9.73,9.76,10,10,10,9.57,9.53,9.72,9.92,9.71,9.69,10,2.22,10,10,10,10,10,10,10,6.01,5.52,10,8,6,7,9.03,8.61,8.89,9.52,10,8.83,6.67,9.6,9.52,9.75,9.75,9.88,10,9.9,8.88,0,6.26,6.86,9.91,8.39,10,10,3.08,8.85,8.88,7.7,8,9.85,10,9.28,8.75,8.75,7.9,6,10,0,5.37,6.68,6.32,7.33,9.78,8.4,7.96,8.02,8.37,7.5,7.96
"Syrian Arab Republic",2.79,9.74,0,0,0,0,0,0.13,1.34,0.21,2.97,4.49,3.37,3.61,0,2.76,3.33,3.05,1.95,0.21,0,0,0,0,3.33,2.71,2.89,2.97,1.05,0,0,0,0.58,1.37,0.11,1.96,0.19,0.84,0,1.11,0,0,0,0,0,0,10,6.82,8.97,0.61,9,5,7,4.01,3.11,1.8,2.84,3.33,5.05,1.61,4.09,2.18,9.25,0,0,10,8.37,7.84,4.82,7.01,6.37,2.81,4.59,1.34,0.19,0.83,0,2.5,0.88,2,4.76,9,3.38,7.37,8.75,5.87,6,10,0,1.12,5.54,3.2775,0,1.82,4.37,2.06,2.91,7.85,2.91,2.91
"Taiwan",8.02,9.59,10,10,7.5,10,10,9.2,9.83,9.5,8.25,9.91,9.84,9.33,6.67,9.84,10,9.92,9.88,8.33,10,10,10,10,9.83,9.8,9.71,9.78,9.39,10,10,10,9.05,5.98,7.18,9.35,7.28,7.77,10,8.89,6.67,10,10,10,10,7.5,10,4.93,9.14,9.89,7,7,7,7.52,6.43,6.18,8.81,6.67,8.08,6.67,7.89,7.66,9.31,9.32,9.61,10,9.52,8.68,3.43,7.21,7.47,8.76,8.12,10,7.5,0.77,0,8.01,5.17,5,10,9,8,6.05,5.63,8.33,10,6.26,5,4.92,6.6,4.9,9.56,9.24,7.51,7.8,8.04,9.58,7.5,8.37
"Tajikistan",3.38,9.74,10,8.42,2.5,10,10,1.52,2.27,6.39,5.17,9.32,6.24,6.91,6.67,1.06,3.33,2.19,1.93,1.87,0,1.11,0,0.37,3.41,7.24,3.83,4.82,2.82,10,7.44,8.72,1.01,2.4,1.84,4.08,2.61,2.39,0,1.11,3.33,10,10,10,2.5,7.5,10,7.99,9.06,0,10,7,8.5,3.76,4.42,2.97,4.05,4.17,1.58,2.84,8.46,5.49,8.78,9.2,8.26,10,9.19,8.4,7.28,8.29,6.41,4.54,5.47,10,3.4,6.15,0,3.51,3.27,8,9.47,8,8.49,6.53,6.38,7.37,8,7.76,0,4.19,5.75,5.62,2.89,2.07,4.99,3.89,6.77,8.35,5,6.71
"Tanzania",6.05,8.11,5,10,7.5,9.37,9.99,5.72,7.61,7.88,7.34,9.06,9.34,8.58,6.67,8,10,9,6.72,5.75,2.5,4.44,6.67,4.54,7.22,9.15,8.08,8.15,6.31,10,9.58,9.79,6.57,4.99,3.67,8.88,3.34,5.49,2.5,3.33,3.33,0,10,5,2.5,0,9,7.95,7.99,2.3,8,4,6,5.66,5.7,3.99,4.05,5.83,7.28,4.11,7.02,5.08,10,9.25,9.26,5,7.95,7.38,5.07,6.8,3.76,0.8,2.28,10,3.32,1.54,0,4.99,2.46,8,8.31,9,8.44,5.28,6.64,5.95,10,8.27,5,3.16,6.33,4.61,1.33,6.59,5.09,4.41,6.64,7.91,6.25,6.93
"Thailand",4.2,9.24,5,9.71,5,9.58,9.1,2.42,3.07,6.27,5.83,7.14,7.03,6.67,6.67,9.1,6.67,7.88,8.37,4.57,2.5,1.11,3.33,2.31,6.7,8.91,8.01,7.87,2.31,10,9.29,9.65,2.97,5.22,3.28,6.69,3.67,4.37,2.5,1.11,3.33,10,10,10,7.5,10,10,4.15,8.94,6.33,8,8,8,6.87,5.49,4.51,7.77,3.33,4.46,5.17,7.46,4.68,9.81,9.47,9.75,10,9.67,7.7,3.28,6.89,6.6,7.99,7.29,10,5.84,1.54,0,6.24,3.4,8,8.06,10,8.69,6.53,4.43,5.64,10,1.37,0,5.58,4.79,4.58,6.22,2.75,7.47,5.25,8.07,9.08,6.25,7.8
"Timor-Leste",6.19,8.81,10,10,7.5,10,10,8.58,9.58,9.28,7.2,8.16,8.17,7.84,6.67,8.7,10,9.35,9.67,7.63,7.5,10,10,9.17,9.53,9.46,8.1,9.03,9.45,10,10,10,8.26,5.82,7.18,8.02,5.89,7.04,7.5,7.78,10,10,10,10,7.5,7.5,10,0,7.7,4.91,10,10,10,4.53,5.92,4.94,2.85,4.17,5.99,0,5.37,3.4,9.62,0,9.25,10,9.45,9.5,9.84,9.6,4.64,5.05,4.84,10,5.81,8.46,0,3.69,4.49,5,0,4,2,3.62,5.26,5.87,8,5.51,10,5.8,6.36,5.58,5.56,6.72,6.19,6.01,6.14,7.54,5,6.23
"Togo",5.92,7.38,10,10,5,10,10,6.59,7.04,8.38,7.62,9.09,9.72,8.81,3.33,8.83,6.67,7.75,8.26,5.73,2.5,4.44,3.33,3.43,8.37,9.58,6.1,8.01,4.43,10,10,10,8.75,3.75,4.11,7.24,5.41,5.85,5,4.44,6.67,0,10,5,0,7.5,9.69,7.3,9.83,3.35,7,3,7,6.31,4.58,2.22,4.69,4.17,4.7,4.45,8.81,5,9.46,9.69,9.14,0,6.55,7.58,7.05,7.06,5,3.29,4.15,10,4.57,0.77,0,7.5,3.21,10,10,5,8.33,3.33,6,5.87,8,7.01,0,5,4.89,4.38,4,7.55,6.61,5.63,6.2,8.15,6.25,6.87
"Trinidad and Tobago",6.86,1.47,10,10,7.5,10,10,8.32,9.08,9.27,9,8.87,9.47,9.11,6.67,9.77,10,9.89,9.89,8.65,10,8.89,10,9.63,9.8,9.63,9,9.47,9.6,10,10,10,8.62,7.44,8.59,9.87,8.67,8.64,10,8.89,10,10,10,10,10,10,10,6,7.26,5.68,9,6,7.5,6.55,6.58,5.1,6.48,8.33,5.44,1.48,6.24,1.98,9.38,7.08,9.59,10,8.9,7.86,3.62,6.79,5.46,6.18,5.82,7,7.34,6.15,0,8.02,5.38,8,0,7,5,7.5,5.07,6.05,10,5.14,10,4.53,6.9,3.46,6,5.3,6.32,5.27,7.41,6.78,6.25,6.81
"Tunisia",6.55,8.62,10,10,5,9.32,9.41,6.64,8.21,8.37,8.2,9.4,9.05,8.88,3.33,7.16,6.67,6.91,7.72,7.88,5,6.67,6.67,6.11,9.58,9.55,9.28,9.47,9.08,10,10,10,6.88,6.76,8.75,9.21,7.41,7.8,5,5.56,6.67,0,0,0,2.5,0,10,5.26,6.41,4.67,5,2,3.5,6.02,5.09,4.07,5.29,5.83,7.3,4.94,7.33,5.39,8.54,9.56,8.86,5,8.83,7.68,5.27,7.26,5.08,8.09,6.59,9.19,3.32,0.77,0,5.22,2.33,5,5.49,10,6.83,4.3,4.01,5.47,10,5.51,3,3.89,5.17,3.18,5.33,5.87,6.69,5.27,4.92,8.74,3.75,5.8
"Turkey",3.89,9.27,5,7.11,2.5,9.33,8.48,1.69,6.57,5.81,4.03,8.87,5.63,6.18,3.33,4.68,3.33,4.01,4.34,2.7,2.5,3.33,3.33,3.06,8.02,9.57,7.32,8.3,2.21,9.63,0,4.82,0.89,2.35,1.65,5.31,2.69,2.58,2.5,2.22,3.33,10,10,10,7.5,7.5,10,6.14,6.5,10,6,3,4.5,6.1,3.95,3.55,6.46,3.33,4.43,3.84,8.93,5.29,6.86,7.2,6.08,10,9.51,7.86,1.01,6.13,6.53,9.57,8.05,10,4.23,2.31,0,6.67,3.3,5,9.59,4,6.2,5.28,2.51,7.1,8,2.52,5,5.18,5.08,4.41,5.11,2,5.3,4.2,6.8,9.28,5.96,7.35
"Uganda",4.52,7.52,10,10,7.5,9.27,10,0.95,4.21,7.42,7.26,7.16,6.2,6.87,6.67,7.04,6.67,6.85,4.41,4.61,2.5,3.33,3.33,3.06,5.91,8.37,7.44,7.24,2.67,10,4.71,7.36,4.38,3.51,4.98,4.82,6.7,4.88,2.5,3.33,3.33,0,0,0,2.5,5,9.97,8.21,10,5.48,5,3,4,7.43,4.69,3.65,5.03,3.33,5.34,3.68,7.92,3.63,8.7,9.34,9.56,10,7.89,6.48,0,4.79,4.71,4.62,4.67,10,7.5,8.46,0,5.88,5.46,8,1.7,9,6.23,7.5,7.5,8.15,8,10,10,5.65,8.11,4.48,4.44,3.82,5.16,4.48,5.33,9.06,5,6.46
"Ukraine",5.93,8.88,5,7.39,0,9.81,9.26,6.58,7.47,6.5,8.88,9.37,9.42,9.22,3.33,7.69,6.67,7.18,7.68,6.46,7.5,8.89,6.67,7.69,8.76,8.2,8.23,8.39,8.61,9.33,8.91,9.12,6.7,4.68,4.78,7.14,5.68,5.79,5,6.67,3.33,10,10,10,10,10,10,5.69,6.03,8.15,10,7,8.5,7.94,4.13,3.47,3.18,8.33,5.54,2.85,9.16,3.56,7.66,7.04,8.13,5,9.43,9.12,7.99,8.85,5.21,7.24,6.22,10,2.5,0,0,3.88,1.59,5,7.34,6,6.11,4.03,7.13,5.78,6,9.25,0,5.15,5.33,4.39,4.44,4.38,3.16,4.1,4.88,9.73,3.13,5.91
"United Arab Emirates",5.15,9.86,5,10,10,10,10,4.27,7.73,8.14,6.72,6.55,5.06,6.11,3.33,7.79,3.33,5.56,5.65,1.57,2.5,1.11,0,1.2,0.31,1.97,6.84,1.14,2.94,10,10,10,2.6,0.21,0.79,2.77,1.07,1.49,0,1.11,0,0,0,0,0,0,10,3.83,7.96,0,10,10,10,4.62,5.91,6.82,7.63,8.33,6.21,5.64,9.91,9.3,9.66,6.28,10,10,10,9.04,6.43,8.49,7.31,8.33,7.82,10,10,5.38,0,7.55,5.73,5,10,8,7.67,8.75,8.75,7.38,6,10,0,7.41,6.9,7.03,6.89,7.21,9.35,7.62,8.05,10,5,7.68
"United Kingdom",7.21,9.71,10,10,10,9.85,9.69,7.62,9.29,9.49,7.34,9.31,9.32,8.66,3.33,8.97,10,9.48,9.43,8.21,10,2.22,10,10,9.88,9.83,9.45,9.72,9.36,9.56,10,9.78,8.28,8.35,9.1,8.78,8.79,8.66,10,2.22,10,10,10,10,10,7.5,10,3.82,5.26,9.14,6,2,4,8.29,7.76,7.45,8.75,10,8.17,6.55,8.02,7.24,9.21,9.27,9.5,10,9.74,9.22,7.13,8.7,7.06,9.32,8.19,10,10,4.62,8.08,9.15,7.96,8,4.12,10,7.37,8.2,9.27,7.4,8,8.53,10,6.24,8.23,5.56,5.56,8.78,6.86,6.69,9.34,9.52,7.23,8.69
"United States",7.55,8.02,10,10,7.5,9.94,9.91,7.74,9.55,9.23,8.92,9.78,9.74,9.48,3.33,9.51,10,9.76,9.2,9.47,10,2.22,10,10,9.95,9.95,9.9,9.93,9.42,9.64,10,9.82,9.51,7.64,8.95,9.17,6.93,8.44,7.5,2.22,10,10,10,10,10,10,10,6.64,4.74,9.86,5,5,5,9.4,7.77,7.68,8.8,6.67,7.54,7.84,8.92,7.65,8.96,9.5,9.06,10,8.98,9.32,6.48,8.26,7.01,9.8,8.4,10,10,3.85,0,8.58,5.61,10,3.23,9,7.41,9.45,10,7.79,10,10,10,6.72,9.14,5.77,6.44,8.29,6.52,6.76,9.96,9.6,10,9.86
"Uruguay",7.38,7.41,10,10,10,10,10,6.46,9.82,9.47,9.66,9.75,9.57,9.66,3.33,9.63,10,9.81,9.89,9.02,10,10,10,10,9.65,9.9,9.82,9.79,8.8,10,10,10,8.28,8.23,9.09,9.92,7.99,8.7,10,10,10,10,10,10,10,10,10,5.25,6.01,7.1,7,6,6.5,7.08,7.61,6.75,7.15,5.83,6.5,3.05,6.45,5.02,8.16,8.84,8.45,10,8.62,7.94,6.83,7.8,5.39,6.57,5.98,10,8.75,8.46,0,7.68,6.22,5,7.13,9,7.04,5.7,3.56,1.61,8,4.61,10,7.31,5.83,3.18,7.11,8.24,7.84,6.59,7.38,6.59,7.5,7.16
"Venezuela, RB",4.29,4.39,10,10,2.5,9.17,9.74,0.79,4.71,6.7,4.68,9.44,9.58,7.9,3.33,7.51,6.67,7.09,7.28,2.93,0,2.22,3.33,1.85,5.7,6.61,6.52,6.27,3.31,10,5.77,7.89,2.98,3.25,0.22,5.31,4.07,3.16,2.5,2.22,3.33,10,10,10,2.5,10,10,9.19,5.77,0,7,4,5.5,2.78,2.27,0.98,0.68,1.67,2.25,1.63,8.14,0.69,3.78,0,0,0,8.45,7.24,6.08,7.26,4.38,0,2.19,10,0.31,0,0,1.75,0.51,5,0,5,3.33,2.72,1.25,5.66,4,4.82,0,0,2.27,1.28,0,1.92,0,0.8,1.39,4.98,0.49,2.29
"Vietnam",4.81,9.56,10,10,10,10,10,3.78,7.25,8.72,6.48,8.71,8.17,7.78,3.33,3.36,3.33,3.35,2.69,2.33,2.5,2.22,0,1.57,1.3,0.13,0.21,0.55,3.78,10,0,5,2.56,2.63,1.66,5.64,2.12,2.92,0,1.11,0,10,10,10,7.5,7.5,10,7.42,5.72,6.87,7,7,7,4.85,3.96,3.81,4.98,5,5.25,4.23,8.79,5.15,8.92,9.54,9.63,0,9.49,8.08,5.28,7.61,5.38,5.75,5.56,10,4.59,0.77,1.11,5.09,2.89,5,8.32,10,9.16,7.63,4.09,6.53,10,2.52,0,5.11,5.13,3.98,5.56,3.88,4.79,4.55,4.55,8.21,3.96,5.57
"Yemen, Rep.",2.39,8.06,0,0,0,0,0,0.62,0.36,0.14,2.5,3.94,2.86,3.1,3.33,0.81,3.33,2.07,4.93,1.74,2.5,1.11,0,1.2,5.29,9.02,4.79,6.36,4.2,1.85,10,5.92,1.2,1.9,0.34,3.95,3.39,2.16,0,0,0,0,0,0,0,0,8.15,8.75,9.02,10,10,8,9,4.99,2.79,1.69,2.69,4.17,2.74,1.89,9.05,1.71,9.93,0,0,0,8.92,8.48,7.81,8.4,5.77,5.6,5.69,0,7.31,6.92,1.33,2.53,4.52,5,0,0,0,8.2,6.26,7,8,2.52,10,2.48,6.35,2.94,0,0.62,6.11,2.42,2.07,7.85,5,3.54
"Zambia",5.65,8.46,10,10,7.5,10,10,2.61,7.53,8.23,9.39,8.94,9.18,9.17,6.67,9.06,6.67,7.86,7.49,6.11,2.5,2.22,6.67,3.8,9.1,9.08,8.05,8.74,6.01,10,10,10,7.46,5.09,3.51,7.13,6.62,5.96,2.5,2.22,6.67,0,0,0,7.5,5,10,1.68,9.32,7.3,5,3,4,8.36,4.81,4.05,4.16,8.33,5.64,3,6.03,3.25,6.95,6.77,5.6,10,9.04,7.08,5.21,7.11,2.82,2.43,2.63,10,6.25,8.46,0,3.45,4.54,5,9.12,9,7.71,1.67,0,7.49,8,0,10,3.07,4.32,4.22,3.33,4.39,4.3,4.06,2.44,7.85,0.19,3.49
"Zimbabwe",4.55,8.22,10,10,2.5,10,10,1.16,1.04,6.39,7.75,7.92,8.15,7.94,3.33,8.83,6.67,7.75,5.59,2.79,2.5,3.33,3.33,3.06,7.75,9.77,6.05,7.85,3.26,10,10,10,2.93,3.26,4.4,7.52,4.43,4.51,2.5,2.22,3.33,0,10,5,7.5,7.5,10,6.89,8.5,1.21,4,4,4,4.81,4.14,2.47,2.16,3.33,4.5,1.37,7.05,2.14,0,0,0,5,7.61,6.42,0.98,5,4.5,1.33,2.92,10,3.34,0,0,1.94,1.32,8,10,0,6,4.58,4.38,3.55,8,6.26,10,2.66,5.63,2.41,2.67,2.63,4.89,3.15,2.08,7.99,0,3.36
